ranking	app	developer	ranking_type	report_date
1	Bad Piggies	Rovio Entertainment Ltd	Free	2013-07-06
1	Words With Friends	Zynga Inc.	Paid	2013-07-06
1	Candy Crush Saga	King.com Limited	Grossing	2013-07-06
2	4 Pics 1 Song	Game Circus LLC	Free	2013-07-06
2	Minecraft – Pocket Edition	Mojang	Paid	2013-07-06
2	Clash of Clans	Supercell	Grossing	2013-07-06
3	Candy Crush Saga	King.com Limited	Free	2013-07-06
3	Smart Alarm Clock: sleep cycles & noise recording	Plus Sports	Paid	2013-07-06
3	Pandora Radio	Pandora Media, Inc.	Grossing	2013-07-06
4	Despicable Me: Minion Rush	Gameloft	Free	2013-07-06
4	Heads Up!	Warner Bros.	Paid	2013-07-06
4	MARVEL War of Heroes	Mobage, Inc.	Grossing	2013-07-06
5	High School Story	Pixelberry Studios	Free	2013-07-06
5	AfterLight	Simon Filip	Paid	2013-07-06
5	Big Fish Casino – Free Slots, Blackjack, Roulette, Poker and More!	Big Fish Games, Inc	Grossing	2013-07-06
6	Tap Words™	Real Latte	Free	2013-07-06
6	Where's My Mickey?	Disney	Paid	2013-07-06
6	Hay Day	Supercell	Grossing	2013-07-06
7	Vine	Vine Labs, Inc.	Free	2013-07-06
7	iTheme - Themes for iPhone, iPad and iPod Touch	novitap GmbH	Paid	2013-07-06
7	The Simpsons™: Tapped Out	Electronic Arts	Grossing	2013-07-06
8	Where's My Mickey? Free	Disney	Free	2013-07-06
8	Kick the Buddy: No Mercy	Crustalli	Paid	2013-07-06
8	The Hobbit: Kingdoms of Middle-earth	Kabam	Grossing	2013-07-06
9	Colormania - Guess the Colors	Genera Mobile	Free	2013-07-06
9	Fitness Buddy : 1700+ Exercise Workout Journal	Azumio Inc.	Paid	2013-07-06
9	Crime City	Funzio, Inc	Grossing	2013-07-06
10	Google Maps	Google, Inc.	Free	2013-07-06
10	Pimp Your Screen	Apalon	Paid	2013-07-06
10	Words With Friends	Zynga Inc.	Grossing	2013-07-06
11	Snapchat	Snapchat, Inc.	Free	2013-07-06
11	Plants vs. Zombies	PopCap	Paid	2013-07-06
11	MLB.com At Bat	MLB.com	Grossing	2013-07-06
12	Instagram	Burbn, Inc.	Free	2013-07-06
12	Survivalcraft	Igor Kalicinski	Paid	2013-07-06
12	Kingdoms of Camelot: Battle for the North	Kabam	Grossing	2013-07-06
13	Bus Derby	Dimension Technics	Free	2013-07-06
13	djay 2 for iPhone	algoriddim	Paid	2013-07-06
13	Zoosk - #1 dating app	Zoosk, Inc.	Grossing	2013-07-06
14	Gone Fishing	Drimmi LLC	Free	2013-07-06
14	Free Music Download Pro - Downloader and Player	Alfadevs	Paid	2013-07-06
14	Minecraft – Pocket Edition	Mojang	Grossing	2013-07-06
15	Groupon	Groupon, Inc.	Free	2013-07-06
15	Gravity Falls Mystery Shack Attack	Disney	Paid	2013-07-06
15	Pet Rescue Saga	King.com Limited	Grossing	2013-07-06
16	Lumosity Mobile	Lumos Labs, Inc.	Free	2013-07-06
16	Contra: Evolution	PunchBox Studios	Paid	2013-07-06
16	Modern War	Funzio, Inc	Grossing	2013-07-06
17	YouTube	Google, Inc.	Free	2013-07-06
17	Bloons TD 5	Ninja Kiwi	Paid	2013-07-06
17	Poker by Zynga	Zynga Inc.	Grossing	2013-07-06
18	Can You Escape	Kaarel Kirsipuu	Free	2013-07-06
18	Camera+	tap tap tap	Paid	2013-07-06
18	Megapolis	Social Quantum	Grossing	2013-07-06
19	ESPN Fantasy Football	ESPN	Free	2013-07-06
19	Free Music Download Pro - Mp3 Downloader	ASPS Apps	Paid	2013-07-06
19	Slotomania - Slot Machines	Playtika LTD	Grossing	2013-07-06
20	Ask.fm	Ask.fm	Free	2013-07-06
20	Split Lens 2 Pro-Clone Yourself in Video/Photo,Make illusion Video/Photo,+Filters&FX!	Loveyouchen	Paid	2013-07-06
20	Despicable Me: Minion Rush	Gameloft	Grossing	2013-07-06
21	Celebrity Dentist	Bear Hug Media	Free	2013-07-06
21	Plague Inc.	Ndemic Creations	Paid	2013-07-06
21	Skype for iPhone	Skype Communications S.a.r.l	Grossing	2013-07-06
22	Battery Saver - Improve the Battery Life	KS Mobile, Inc.	Free	2013-07-06
22	A Beautiful Mess	Red Velvet Art LLC	Paid	2013-07-06
22	Tap Paradise Cove	Pocket Gems, Inc.	Grossing	2013-07-06
23	SpeakToSnooze Pro - Alarm clock with voice control commands to snooze and turn off your alarm!	j labs	Free	2013-07-06
23	Run with Map My Run+ - GPS Running, Jog, Walk, Workout Tracking and Calorie Counter	MapMyFitness	Paid	2013-07-06
23	Dragon City Mobile	Social Point	Grossing	2013-07-06
24	Beemo - Adventure Time	Cartoon Network	Free	2013-07-06
24	Multiplayer for Minecraft PE	Innovative Devs	Paid	2013-07-06
24	High School Story	Pixelberry Studios	Grossing	2013-07-06
25	Flashlight Ⓞ	iHandy Inc.	Free	2013-07-06
25	Cut the Rope	Chillingo Ltd	Paid	2013-07-06
25	Game of War - Fire Age	Machine Zone, Inc	Grossing	2013-07-06
26	Kik Messenger	KIK INTERACTIVE INC.	Free	2013-07-06
26	Fruit Ninja	Halfbrick Studios	Paid	2013-07-06
26	Injustice: Gods Among Us	Warner Bros.	Grossing	2013-07-06
27	Slots - Pharaoh's Way	CERVO MEDIA GMBH	Free	2013-07-06
27	THE GAME OF LIFE Classic Edition	Electronic Arts	Paid	2013-07-06
27	Puzzle & Dragons (English)	GungHo Online Entertainment, Inc.	Grossing	2013-07-06
28	4 Little Words	Real Latte	Free	2013-07-06
28	Superimpose	Pankaj Goswami	Paid	2013-07-06
28	DoubleDown Casino - FREE Slots, Blackjack & Video Poker	Double Down Interactive	Grossing	2013-07-06
29	Costco	Costco Wholesale Corporation	Free	2013-07-06
29	Sleep Cycle alarm clock	Maciek Drejak Labs	Paid	2013-07-06
29	Jackpot Party Casino - Slots	Phantom EFX	Grossing	2013-07-06
30	Hungry Shark Evolution	Future Games of London	Free	2013-07-06
30	MONOPOLY	Electronic Arts	Paid	2013-07-06
30	Slots - Pharaoh's Way	CERVO MEDIA GMBH	Grossing	2013-07-06
31	Free Music Download - Mp3 Downloader	ASPS Apps	Free	2013-07-06
31	Angry Birds Star Wars	Rovio Entertainment Ltd	Paid	2013-07-06
31	Rage of Bahamut	Mobage, Inc.	Grossing	2013-07-06
32	WhatsApp Messenger	WhatsApp Inc.	Free	2013-07-06
32	rymdkapsel	webbfarbror AB	Paid	2013-07-06
32	DragonVale	Backflip Studios	Grossing	2013-07-06
33	Game of War - Fire Age	Machine Zone, Inc	Free	2013-07-06
33	Riptide GP2	Vector Unit	Paid	2013-07-06
33	Jewel Mania™	TeamLava	Grossing	2013-07-06
34	Emoji>	Emoji+	Free	2013-07-06
34	Pou	Paul Salameh	Paid	2013-07-06
34	Campus Life™	Pocket Gems, Inc.	Grossing	2013-07-06
35	Find My iPhone	Apple	Free	2013-07-06
35	Doodle Jump	Lima Sky	Paid	2013-07-06
35	CSR Racing	NaturalMotion	Grossing	2013-07-06
36	Gmail - email from Google	Google, Inc.	Free	2013-07-06
36	iTranslate Voice	Sonico GmbH	Paid	2013-07-06
36	Underworld Empire	Phoenix Age, Inc.	Grossing	2013-07-06
37	Sonic Dash	SEGA	Free	2013-07-06
37	Wipeout	Activision Publishing, Inc.	Paid	2013-07-06
37	Subway Surfers	Kiloo	Grossing	2013-07-06
38	Twitter	Twitter, Inc.	Free	2013-07-06
38	Akinator the Genie	Elokence	Paid	2013-07-06
38	Bingo Bash - Free Bingo Casino	BitRhymes Inc.	Grossing	2013-07-06
39	Podcasts	Apple	Free	2013-07-06
39	TETRIS®	Electronic Arts	Paid	2013-07-06
39	The Sims™ FreePlay	Electronic Arts	Grossing	2013-07-06
40	Spotify	Spotify Ltd.	Free	2013-07-06
40	Angry Birds	Rovio Entertainment Ltd	Paid	2013-07-06
40	Legend of the Cryptids	Applibot Inc.	Grossing	2013-07-06
41	Cartwheel by Target	Target	Free	2013-07-06
41	Temple Run: Oz	Disney	Paid	2013-07-06
41	Castle Age HD	Phoenix Age, Inc.	Grossing	2013-07-06
42	Skype for iPhone	Skype Communications S.a.r.l	Free	2013-07-06
42	Teenage Mutant Ninja Turtles: Rooftop Run	Nickelodeon	Paid	2013-07-06
42	Running with Friends Free	Zynga Inc.	Grossing	2013-07-06
43	The Simpsons™: Tapped Out	Electronic Arts	Free	2013-07-06
43	SnappyCam Pro - Fast Camera for Amazing High Speed Burst Action Living Photos	jpap	Paid	2013-07-06
43	Rdio	Rdio	Grossing	2013-07-06
44	LinkedIn	LinkedIn Corporation	Free	2013-07-06
44	NFL Fantasy Football Cheat Sheet 2013	NFL Enterprises  LLC	Paid	2013-07-06
44	Grindr Xtra	Grindr LLC	Grossing	2013-07-06
45	Facebook Messenger	Facebook, Inc.	Free	2013-07-06
45	Scribblenauts Remix	Warner Bros.	Paid	2013-07-06
45	My Singing Monsters	Big Blue Bubble	Grossing	2013-07-06
46	Dumb Ways to Die	Metro Trains Melbourne Pty Ltd	Free	2013-07-06
46	iMPC for iPhone	Akai Professional	Paid	2013-07-06
46	Real Racing 3	Electronic Arts	Grossing	2013-07-06
47	Pandora Radio	Pandora Media, Inc.	Free	2013-07-06
47	Cut the Rope: Time Travel	ZeptoLab UK Limited	Paid	2013-07-06
47	D.O.T. Defender of Texel (RPG)	Mobage, Inc.	Grossing	2013-07-06
48	Audiobooks from Audible	Audible, Inc.	Free	2013-07-06
48	Kick the Buddy: Second Kick	Crustalli	Paid	2013-07-06
48	Fast & Furious 6: The Game	Kabam	Grossing	2013-07-06
49	Pic Stitch	Big Blue Clip, LLC	Free	2013-07-06
49	Bejeweled	PopCap	Paid	2013-07-06
49	Reign of Dragons	Drecom Co., Ltd.	Grossing	2013-07-06
50	SpaceEffect - Awesome Pic & Fotos FX Editor FREE	click2mobile	Free	2013-07-06
50	Rhonna Designs	Rhonna Farrer	Paid	2013-07-06
50	War of Nations™	GREE, Inc.	Grossing	2013-07-06
51	Netflix	Netflix, Inc.	Free	2013-07-06
51	App Icons	Matsvei Tsimashenka	Paid	2013-07-06
51	Kingdom Age	Funzio, Inc	Grossing	2013-07-06
52	Zombies Ate My Friends	Glu Games Inc.	Free	2013-07-06
52	Doodle God™	JoyBits Ltd.	Paid	2013-07-06
52	eHarmony	eHarmony, Inc.	Grossing	2013-07-06
53	Expedia Hotels & Flights	Expedia, Inc.	Free	2013-07-06
53	Omegle	Omegle.com LLC	Paid	2013-07-06
53	Scruff: Gay guys worldwide	Perry Street Software, Inc	Grossing	2013-07-06
54	Pinterest	Pinterest, Inc.	Free	2013-07-06
54	iMovie	Apple	Paid	2013-07-06
54	GSN Casino	Game Show Network	Grossing	2013-07-06
55	Perfect365 - Face Makeup Editor, Beauty Enhancer & Fashion Artist	ArcSoft, Inc.	Free	2013-07-06
55	Map My Ride+ - GPS Cycling, Riding, Workout Tracking and Calorie Counter	MapMyFitness	Paid	2013-07-06
55	Bejeweled Blitz	PopCap	Grossing	2013-07-06
56	eBay	eBay Inc.	Free	2013-07-06
56	Where's My Water?	Disney	Paid	2013-07-06
56	Slacker Radio	Slacker, Inc.	Grossing	2013-07-06
57	Amazon Mobile	AMZN Mobile LLC	Free	2013-07-06
57	Grand Theft Auto: Vice City	Rockstar Games	Paid	2013-07-06
57	Bubble Mania™	TeamLava	Grossing	2013-07-06
58	Calorie Counter & Diet Tracker by MyFitnessPal	MyFitnessPal.com	Free	2013-07-06
58	Block Fortress	Foursaken Media	Paid	2013-07-06
58	Texas Poker	KAMAGAMES LTD	Grossing	2013-07-06
59	Zombie Gunship	Limbic Software	Free	2013-07-06
59	SpongeBob Moves In	Nickelodeon	Paid	2013-07-06
59	Magic Piano by Smule	Smule	Grossing	2013-07-06
60	Waze Social GPS, Maps & Traffic	Waze Inc.	Free	2013-07-06
60	Walk with Map My Walk+ - GPS Pedometer for Walking, Jogging, Running, Workout Tracking and Calorie Counter	MapMyFitness	Paid	2013-07-06
60	Blood Brothers (RPG)	Mobage, Inc.	Grossing	2013-07-06
61	Magic Piano by Smule	Smule	Free	2013-07-06
61	Ultimate Guitar Tabs - largest catalog of songs with guitar chords, tabs and lyrics	Ultimate Guitar	Paid	2013-07-06
61	BINGO Blitz - FREE Bingo + Slots	Buffalo Studios	Grossing	2013-07-06
62	QR Reader for iPhone	TapMedia Ltd	Free	2013-07-06
62	Bodyweight Training: You Are Your Own Gym	Hard Coded Studios	Paid	2013-07-06
62	Smart Alarm Clock: sleep cycles & noise recording	Plus Sports	Grossing	2013-07-06
63	Tumblr	Tumblr	Free	2013-07-06
63	Toca Hair Salon 2	Toca Boca AB	Paid	2013-07-06
63	Immortalis	Aeria Mobile	Grossing	2013-07-06
64	Cheerleader Makeover	Ninjafish Studios	Free	2013-07-06
64	Running for Weight Loss PRO: training plan, GPS, how-to-lose-weight tips by Red Rock Apps	GRINASYS CORP.	Paid	2013-07-06
64	Kingdoms at War	A Thinking Ape, Inc.	Grossing	2013-07-06
65	Facebook	Facebook, Inc.	Free	2013-07-06
65	Flick Home Run !	infinity pocket	Paid	2013-07-06
65	MinoMonsters	MinoMonsters, Inc.	Grossing	2013-07-06
66	Escape the Titanic - Devious Escape Puzzler	FreshGames, LLC	Free	2013-07-06
66	Over	Potluck	Paid	2013-07-06
66	Dragon Story™	TeamLava	Grossing	2013-07-06
67	iHeartRadio	Clear Channel Management Services, LP	Free	2013-07-06
67	TurboScan: quickly scan multipage documents into high-quality PDFs	Piksoft Inc.	Paid	2013-07-06
67	OkCupid Dating	OkCupid.com	Grossing	2013-07-06
68	Shazam	Shazam Entertainment Ltd.	Free	2013-07-06
68	Tiny Wings	Andreas Illiger	Paid	2013-07-06
68	Knights & Dragons (Free RPG)	GREE, Inc.	Grossing	2013-07-06
69	Viber	Viber Media, Inc.	Free	2013-07-06
69	MotionX GPS Drive	MotionX™	Paid	2013-07-06
69	Jurassic Park™ Builder	Ludia	Grossing	2013-07-06
70	Temple Run 2	Imangi Studios, LLC	Free	2013-07-06
70	PokéBuilder - Build a Monster Cheat - For Pokémon	Celadon Software Ltd.	Paid	2013-07-06
70	Comics	comiXology	Grossing	2013-07-06
71	Real Estate by Zillow – Homes & Apartments, For Sale or Rent	Zillow.com	Free	2013-07-06
71	NOAA Radar Pro – Storm Alerts, Hurricane Tracker & Weather Forecast	Tap Nation	Paid	2013-07-06
71	Temple Run 2	Imangi Studios, LLC	Grossing	2013-07-06
72	Sniper Shooter by Fun Games for Free	Fun Games For Free	Free	2013-07-06
72	The Whole Pantry	Belle Gibson	Paid	2013-07-06
72	Bingo!™	Shark Party	Grossing	2013-07-06
73	Photo Editor by Aviary	Aviary	Free	2013-07-06
73	Emoji Art - New Emoticons, Smiley Icons and Fonts for Texts, Emails & MMS Messages	Tap Nation	Paid	2013-07-06
73	Bloons TD 5	Ninja Kiwi	Grossing	2013-07-06
74	Craigslist.	Lifelike Apps, Inc	Free	2013-07-06
74	Eden - World Builder	Kingly Software Inc	Paid	2013-07-06
74	FANTASICA -TCG card game-	Mobage, Inc.	Grossing	2013-07-06
75	Clash of Clans	Supercell	Free	2013-07-06
75	PicFrame	ActiveDevelopment	Paid	2013-07-06
75	Scramble With Friends	Zynga Inc.	Grossing	2013-07-06
76	Sing! Karaoke by Smule	Smule	Free	2013-07-06
76	Tiger Woods PGA TOUR® 12	Electronic Arts	Paid	2013-07-06
76	Survivalcraft	Igor Kalicinski	Grossing	2013-07-06
77	Audio-3D Player 7.1	Audio-3D.com	Free	2013-07-06
77	All-in Fitness: 1000 Exercises, Workouts, Calorie Counter, BMI-calculator & Social Network	Plus Sports	Paid	2013-07-06
77	Secret Passages: Hidden Objects	Pocket Gems, Inc.	Grossing	2013-07-06
78	My Muppets Show	Disney	Free	2013-07-06
78	Tiny Thief	Rovio Stars Ltd.	Paid	2013-07-06
78	MotionX GPS Drive	MotionX™	Grossing	2013-07-06
79	Split Pic 2.0 - Clone Yourself, + Photo Filters and FX !	Easy Tiger Apps, LLC.	Free	2013-07-06
79	Emoji ;)	Emoji+	Paid	2013-07-06
79	NYTimes	The New York Times Company	Grossing	2013-07-06
80	Hotels.com – Hotel Booking and last minute hotel deals	Hotels.com	Free	2013-07-06
80	Kingdom Rush Frontiers	Ironhide Game Studio	Paid	2013-07-06
80	Kick the Buddy: No Mercy	Crustalli	Grossing	2013-07-06
81	Dropbox	Dropbox	Free	2013-07-06
81	Pixlgun 3D - Block World Pocket Survival Shooter with Skins Maker for Minecraft (PC edition)	Alex Krasnov	Paid	2013-07-06
81	Ayakashi: Ghost Guild	Zynga Inc.	Grossing	2013-07-06
82	Subway Surfers	Kiloo	Free	2013-07-06
82	Couch-to-5K	The Active Network, Inc.	Paid	2013-07-06
82	Smurfs' Village	Beeline Interactive, Inc.	Grossing	2013-07-06
83	Find My Friends	Apple	Free	2013-07-06
83	Geocaching	Groundspeak Inc.	Paid	2013-07-06
83	Castle Story™	TeamLava	Grossing	2013-07-06
84	Banana Kong	FDG Entertainment	Free	2013-07-06
84	Legends of Ooo - Adventure Time	Cartoon Network	Paid	2013-07-06
84	Sing! Karaoke by Smule	Smule	Grossing	2013-07-06
85	Bubble Mania™	TeamLava	Free	2013-07-06
85	GarageBand	Apple	Paid	2013-07-06
85	三国来了	RedAtoms, Inc.	Grossing	2013-07-06
86	Rivals at War: 2084	Hothead Games Inc.	Free	2013-07-06
86	VintiqueCam	GMY Studio	Paid	2013-07-06
86	Heads Up!	Warner Bros.	Grossing	2013-07-06
87	iBooks	Apple	Free	2013-07-06
87	Angry Birds Space	Rovio Entertainment Ltd	Paid	2013-07-06
87	TRANSFORMERS Legends	Mobage, Inc.	Grossing	2013-07-06
88	Flashlight ☀	Surpax Technology Inc.	Free	2013-07-06
88	NBA JAM by EA SPORTS™	Electronic Arts	Paid	2013-07-06
88	Geocaching	Groundspeak Inc.	Grossing	2013-07-06
89	Walgreens	Walgreen Co.	Free	2013-07-06
89	Night Sky 2	iCandi Apps	Paid	2013-07-06
89	Lord of the Dragons	KLab Global Pte. Ltd.	Grossing	2013-07-06
90	Emoji New Style Free – My Emoticon Catalog	Emoji Icons Free and Color Texting Messages Pro Studio	Free	2013-07-06
90	Ninja Warrior Game	Marvelous AQL Inc.	Paid	2013-07-06
90	Car Town Streets	Cie Games	Grossing	2013-07-06
91	Pic Collage	Cardinal Blue	Free	2013-07-06
91	cPRO+ craigslist client with Notifications for iPhone and iPod	Escargot Studios, LLC	Paid	2013-07-06
91	Bike Race Free by Top Free Games	Top Free Games	Grossing	2013-07-06
92	Hay Day	Supercell	Free	2013-07-06
92	Zombieville USA 2	Mika Mobile, Inc.	Paid	2013-07-06
92	Zombies Ate My Friends	Glu Games Inc.	Grossing	2013-07-06
93	Nike+ Running	Nike, Inc.	Free	2013-07-06
93	iDownloader Pro - Downloads and Download Manager	Apps4Stars	Paid	2013-07-06
93	Kingdom Rush Frontiers	Ironhide Game Studio	Grossing	2013-07-06
94	Yelp	Yelp	Free	2013-07-06
94	InstaCollage Pro - Pic Frame & Pic Caption for Instagram	click2mobile	Paid	2013-07-06
94	Qello - Concerts & Music Documentaries	Qello	Grossing	2013-07-06
95	Disney Princess Palace Pets	Disney	Free	2013-07-06
95	Craigslist`	Lifelike Apps, Inc	Paid	2013-07-06
95	Top Eleven	Nordeus	Grossing	2013-07-06
96	Tango Text, Voice, and Video	TangoMe, Inc.	Free	2013-07-06
96	Temple Run: Brave	Disney	Paid	2013-07-06
96	Slots™	Shark Party	Grossing	2013-07-06
97	InstaCollage Pro - Pic Frame & Pic Caption for Instagram FREE	click2mobile	Free	2013-07-06
97	Riddle Me That	Gummy Crush	Paid	2013-07-06
97	MeetMe - Meet New People	myYearbook.com	Grossing	2013-07-06
98	Minecraft – Pocket Edition Lite	Mojang	Free	2013-07-06
98	Grand Theft Auto III	Rockstar Games	Paid	2013-07-06
98	Jetpack Joyride	Halfbrick Studios	Grossing	2013-07-06
99	iTunes U	Apple	Free	2013-07-06
99	PhotoToaster - Photo Editor, Filters and Effects for Instagram, Facebook and more	East Coast Pixels, Inc.	Paid	2013-07-06
99	FIFA SOCCER 13 by EA SPORTS	Electronic Arts	Grossing	2013-07-06
100	Followers + for Instagram - Follow Management Tool for iPhone, iPad, iPod	Tappple	Free	2013-07-06
100	Diptic	Peak Systems	Paid	2013-07-06
100	Words With Friends Free	Zynga Inc.	Grossing	2013-07-06
101	Word Search Puzzles	IceMochi	Free	2013-07-06
101	360 Panorama	Occipital, Inc.	Paid	2013-07-06
101	ForeFlight Mobile	ForeFlight	Grossing	2013-07-06
102	SoundCloud	SoundCloud Ltd.	Free	2013-07-06
102	All-in YOGA: 300 Poses & Yoga Classes	Plus Sports	Paid	2013-07-06
102	Slots - House of Fun	Pacific-Interactive ltd	Grossing	2013-07-06
103	TuneIn Radio	TuneIn	Free	2013-07-06
103	NOAA Hi-Def Radar	WeatherSphere	Paid	2013-07-06
103	Scramble With Friends Free	Zynga Inc.	Grossing	2013-07-06
104	Run with Map My Run - GPS Running, Jog, Walk, Workout Tracking and Calorie Counter	MapMyFitness	Free	2013-07-06
104	Photon Flash Player for iPhone - Flash Video & Games plus Private Web Browser	Appsverse Inc.	Paid	2013-07-06
104	Camera+	tap tap tap	Grossing	2013-07-06
105	Rdio	Rdio	Free	2013-07-06
105	Earn to Die	Not Doppler	Paid	2013-07-06
105	Fitness Buddy : 1700+ Exercise Workout Journal	Azumio Inc.	Grossing	2013-07-06
106	RetailMeNot Coupons	RetailMeNot, Inc.	Free	2013-07-06
106	Pocket God	Bolt Creative	Paid	2013-07-06
106	GolfLogix #1 Free Golf GPS + Scorecard: Golf Digest,  GolfNow  Tee Times	GolfLogix, Inc.	Grossing	2013-07-06
107	Nail Makeover - girls games	George CL	Free	2013-07-06
107	RotoWire Fantasy Football Draft Kit 2013	Roto Sports, Inc.	Paid	2013-07-06
107	Plague Inc.	Ndemic Creations	Grossing	2013-07-06
108	Empire: Four Kingdoms	Goodgame Studios	Free	2013-07-06
108	HotSchedules	HotSchedules	Paid	2013-07-06
108	Teenage Mutant Ninja Turtles: Rooftop Run	Nickelodeon	Grossing	2013-07-06
109	InstaSize - Post Entire Photos On Instagram Without Cropping	Munkee Apps L.L.C.	Free	2013-07-06
109	Knightmare Tower	Juicy Beast Studio	Paid	2013-07-06
109	Keeper® Password & Data Vault	Callpod Inc.	Grossing	2013-07-06
110	Starbucks	Starbucks Coffee Company	Free	2013-07-06
110	Printer Pro for iPhone - wirelessly print documents, photos, web pages and emails	Readdle	Paid	2013-07-06
110	4 Pics 1 Song	Game Circus LLC	Grossing	2013-07-06
111	The Weather Channel®	The Weather Channel Interactive	Free	2013-07-06
111	Full Fitness : Exercise Workout Trainer	Mehrdad Mehrain	Paid	2013-07-06
111	Avengers Alliance	Marvel Entertainment	Grossing	2013-07-06
112	CamFind - Point, Shoot and Discover	Image Searcher	Free	2013-07-06
112	The Night Sky	iCandi Apps	Paid	2013-07-06
112	Diamond Dash	wooga	Grossing	2013-07-06
113	Google Earth	Google, Inc.	Free	2013-07-06
113	Facetune	Lightricks Ltd.	Paid	2013-07-06
113	Vonage Mobile – Voice, Text, and Video	Vonage	Grossing	2013-07-06
114	Casino Crush!	StachIt	Free	2013-07-06
114	FIFA SOCCER 13 by EA SPORTS	Electronic Arts	Paid	2013-07-06
114	rymdkapsel	webbfarbror AB	Grossing	2013-07-06
115	Chrome	Google, Inc.	Free	2013-07-06
115	Zombie Highway	Auxbrain, Inc.	Paid	2013-07-06
115	Running with Friends	Zynga Inc.	Grossing	2013-07-06
116	ProTuber - Best Player for YouTube & Free Stream Vevo, Vimeo, TV, Video & Music & Watch Live Streaming with Custom Quality, Manage MP3 Song Playlist and Media Files & Folder Manager	The Paradise	Free	2013-07-06
116	Asphalt 7: Heat	Gameloft	Paid	2013-07-06
116	Dice With Buddies	Scopely - Top Free Apps and Games LLC	Grossing	2013-07-06
117	Tinder	Hatch Labs, Inc.	Free	2013-07-06
117	Call of Duty: Black Ops Zombies	Activision Publishing, Inc.	Paid	2013-07-06
117	Dragons of Atlantis: Heirs of the Dragon	Kabam	Grossing	2013-07-06
118	Instaframe - Photo Collage + Picture Frame Editor for Instagram Free	Imagination Unlimited	Free	2013-07-06
118	Picfx	ActiveDevelopment	Paid	2013-07-06
118	Riptide GP2	Vector Unit	Grossing	2013-07-06
119	Pet Rescue Saga	King.com Limited	Free	2013-07-06
119	Scanner Pro by Readdle	Readdle	Paid	2013-07-06
119	Marvel Comics	Marvel Entertainment	Grossing	2013-07-06
120	Etsy	Etsy, Inc.	Free	2013-07-06
120	Masquer - Smart Image Blender	ArcSoft, Inc.	Paid	2013-07-06
120	Virtual Families 2: Our Dream House	Last Day of Work	Grossing	2013-07-06
121	MP3 Music Downloader Free	WebTechies	Free	2013-07-06
121	Landcam	Simple Simple	Paid	2013-07-06
121	Badoo - Meet New People, Chat, Socialize	Badoo Software Ltd	Grossing	2013-07-06
122	InstaEffect FX - The Best Pic Effect Editor for Instagram FREE	monkeyX	Free	2013-07-06
122	Pimp Your Sound – Download Ringtones, Create Unlimited Ring Tones with Free Ringtone Maker	Apalon	Paid	2013-07-06
122	Lumosity Mobile	Lumos Labs, Inc.	Grossing	2013-07-06
123	Google+	Google, Inc.	Free	2013-07-06
123	Flow Free: Bridges	Big Duck Games LLC	Paid	2013-07-06
123	Angry Birds Star Wars	Rovio Entertainment Ltd	Grossing	2013-07-06
124	The Sims™ FreePlay	Electronic Arts	Free	2013-07-06
124	Chroma key Studio	iDevMobile Tec.	Paid	2013-07-06
124	iMovie	Apple	Grossing	2013-07-06
125	Free Music Download - Downloader and Player	Alfadevs	Free	2013-07-06
125	Color Splash	Pocket Pixels Inc.	Paid	2013-07-06
125	Multiplayer for Minecraft PE	Innovative Devs	Grossing	2013-07-06
126	Emoji=) - Free Emoticons, Stickers, Smiley Icons and Fonts for Texts, Texting, Email, MMS, Facebook, Twitter, WhatsApp, Viber, Line, Kik Messages	Tap Nation	Free	2013-07-06
126	Knocked App	Appy Dude Pty Ltd	Paid	2013-07-06
126	Bubble Witch Saga	King.com Limited	Grossing	2013-07-06
127	Yahoo! Mail	Yahoo!	Free	2013-07-06
127	Dude Perfect	Dude Perfect	Paid	2013-07-06
127	World Series of Poker	Electronic Arts	Grossing	2013-07-06
128	Apple Store	Apple	Free	2013-07-06
128	Star Walk™ - 5 Stars Astronomy Guide	Vito Technology Inc.	Paid	2013-07-06
128	Flow Free	Big Duck Games LLC	Grossing	2013-07-06
129	Yahoo! Fantasy Sports – Football	Yahoo!	Free	2013-07-06
129	Split Pic Pro	Easy Tiger Apps, LLC.	Paid	2013-07-06
129	Grand Theft Auto: Vice City	Rockstar Games	Grossing	2013-07-06
130	Dragon City Mobile	Social Point	Free	2013-07-06
130	Flick Fishing	Freeverse, Inc.	Paid	2013-07-06
130	Fresh Deck Poker	Idle Games, Inc.	Grossing	2013-07-06
131	Flow Free	Big Duck Games LLC	Free	2013-07-06
131	Cut the Rope: Experiments	ZeptoLab UK Limited	Paid	2013-07-06
131	BUNT: The Exclusive MLB Digital Baseball Trading Card Game	The Topps Company, Inc.	Grossing	2013-07-06
132	Target	Target	Free	2013-07-06
132	Kingdom Rush	Armor Games Inc	Paid	2013-07-06
132	Spartan Wars: Elite Edition	Tap4Fun	Grossing	2013-07-06
133	InstaFollow For Instagram - Followers and Unfollowers Tracker for iPhone, iPad and iPod	NoApostroph3s LLC	Free	2013-07-06
133	Tiny Cars	Playdino	Paid	2013-07-06
133	Where's My Mickey?	Disney	Grossing	2013-07-06
134	Army Trucker Parking Simulator - Realistic 3D Military Truck Driver Free Racing Games	Play with Friends	Free	2013-07-06
134	Emoji New Style Pro – My Emoticon Catalog	Emoji Icons Free and Color Texting Messages Pro Studio	Paid	2013-07-06
134	Gravity Falls Mystery Shack Attack	Disney	Grossing	2013-07-06
135	cPRO craigslist client for iPhone and iPod	Escargot Studios, LLC	Free	2013-07-06
135	Ridiculous Fishing - A Tale of Redemption	Vlambeer	Paid	2013-07-06
135	AfterLight	Simon Filip	Grossing	2013-07-06
136	Keek	Keek Inc.	Free	2013-07-06
136	LIMBO Game	Playdead	Paid	2013-07-06
136	Infinity Blade II	Chair Entertainment Group, LLC	Grossing	2013-07-06
137	DropCap	Scott Haley	Free	2013-07-06
137	Minecraft Seeds Pro	JN Interactive AB	Paid	2013-07-06
137	SpongeBob Moves In	Nickelodeon	Grossing	2013-07-06
138	What's the Phrase Free	Zynga Inc.	Free	2013-07-06
138	The Impossible Game	FlukeDude Ltd	Paid	2013-07-06
138	Deity Wars	Mobage, Inc.	Grossing	2013-07-06
139	My Singing Monsters	Big Blue Bubble	Free	2013-07-06
139	8 Ball Pool™	Miniclip.com	Paid	2013-07-06
139	Dark Summoner	Ateam Inc.	Grossing	2013-07-06
140	Bible	LifeChurch.tv	Free	2013-07-06
140	Joe Danger	Hello Games	Paid	2013-07-06
140	Golfshot: Golf GPS	Shotzoom Software	Grossing	2013-07-06
141	Framatic - Magic Photo Collage + Picture Border + Pic Stitch for Instagram FREE	Lotogram	Free	2013-07-06
141	Skins Pro Creator for Minecraft	Craig Kerns	Paid	2013-07-06
141	Lucky Slots - Free Vegas Casino Slot Machine - Bonus Slot Games and Lucky Machines	Blue Shell Games, LLC	Grossing	2013-07-06
142	Chase Mobile (SM)	JPMorgan Chase & Co.	Free	2013-07-06
142	Bike Race Pro	Top Free Games	Paid	2013-07-06
142	4 Pics 1 Word	LOTUM GmbH	Grossing	2013-07-06
143	The Drowning	Mobage, Inc.	Free	2013-07-06
143	A Ride into the Mountains	Lee-Kuo Chen	Paid	2013-07-06
143	Rivals at War: 2084	Hothead Games Inc.	Grossing	2013-07-06
144	InstaEyes - Blend Yr Face to Ultra Awesome Tiger or Cat Eyes Splits!	Applause PTY LTD	Free	2013-07-06
144	Angry Birds Seasons	Rovio Entertainment Ltd	Paid	2013-07-06
144	Battle Nations	Z2Live, Inc	Grossing	2013-07-06
145	AE	American Eagle Outfitters	Free	2013-07-06
145	ShapeThat	Dragan Savic	Paid	2013-07-06
145	NFL Matchups	Mobage, Inc.	Grossing	2013-07-06
146	ooVoo Video Call, Text and Voice	ooVoo LLC	Free	2013-07-06
146	SpotiFinder for Spotify (Premium)	Media Products	Paid	2013-07-06
146	Dropbox	Dropbox	Grossing	2013-07-06
147	Animal Dentist	Ninjafish Studios	Free	2013-07-06
147	SCRABBLE	Electronic Arts	Paid	2013-07-06
147	Tetris® Blitz	Electronic Arts	Grossing	2013-07-06
148	WowLikes	Natrobit S.r.l.	Free	2013-07-06
148	Food Network In the Kitchen	Television Food Network G.P.	Paid	2013-07-06
148	Weather Kitty	CREATIVE SHARK SOFTWARE INC.	Grossing	2013-07-06
149	Flashlight for iPhone , iPod and iPad	Giorgi Otiashvili	Free	2013-07-06
149	Fast Camera	i4software	Paid	2013-07-06
149	Free Music Download Pro - Downloader and Player	Alfadevs	Grossing	2013-07-06
150	RunKeeper - GPS Track Running Walking Cycling	FitnessKeeper, Inc.	Free	2013-07-06
150	Zombies, Run!	Six to Start	Paid	2013-07-06
150	Hill Climb Racing	Fingersoft	Grossing	2013-07-06
151	Tetris® Blitz	Electronic Arts	Free	2013-07-06
151	Map My Fitness+ - Workout Trainer for General Fitness, Running, Cycling, GPS Tracking and Calorie Counter	MapMyFitness	Paid	2013-07-06
151	G.I. JOE: BATTLEGROUND	Mobage, Inc.	Grossing	2013-07-06
152	VSCO Cam™	Visual Supply Company	Free	2013-07-06
152	Word Crush™	8th Planet Games	Paid	2013-07-06
152	Ultimate Guitar Tabs - largest catalog of songs with guitar chords, tabs and lyrics	Ultimate Guitar	Grossing	2013-07-06
153	Bank of America - Mobile Banking	Bank of America	Free	2013-07-06
153	Dropchord	Double Fine Productions, Inc.	Paid	2013-07-06
153	Restaurant Story	TeamLava	Grossing	2013-07-06
154	Cheat For Candy Crush Saga	ZZL Technology	Free	2013-07-06
154	Mickey Mouse Clubhouse Paint & Play	Disney	Paid	2013-07-06
154	My Muppets Show	Disney	Grossing	2013-07-06
155	Jetpack Joyride	Halfbrick Studios	Free	2013-07-06
155	Wheel of Fortune	Sony Pictures Television	Paid	2013-07-06
155	POF - Free Online Dating	PlentyOfFish	Grossing	2013-07-06
156	Google Search	Google, Inc.	Free	2013-07-06
156	Breach & Clear	Gun.	Paid	2013-07-06
156	Free Music Download Pro - Mp3 Downloader	ASPS Apps	Grossing	2013-07-06
157	Princess Hair Salon - Girls games	George CL	Free	2013-07-06
157	What The Riddle?	Rainy Day App	Paid	2013-07-06
157	Pou	Paul Salameh	Grossing	2013-07-06
158	theCHIVE - Probably the Best App in the World	Resignation Media, LLC	Free	2013-07-06
158	Word Rush™	Palm Desert Studios	Paid	2013-07-06
158	Hungry Shark Evolution	Future Games of London	Grossing	2013-07-06
159	YouTube Capture	Google, Inc.	Free	2013-07-06
159	NBA 2K13	2K Sports	Paid	2013-07-06
159	DC Comics	DC Entertainment	Grossing	2013-07-06
160	Weather Kitty	CREATIVE SHARK SOFTWARE INC.	Free	2013-07-06
160	Doc McStuffins:  Time For Your Check Up!	Disney	Paid	2013-07-06
160	Bad Piggies	Rovio Entertainment Ltd	Grossing	2013-07-06
161	Injustice: Gods Among Us	Warner Bros.	Free	2013-07-06
161	What's the Phrase	Zynga Inc.	Paid	2013-07-06
161	iTheme - Themes for iPhone, iPad and iPod Touch	novitap GmbH	Grossing	2013-07-06
162	NFL Mobile	NFL Enterprises  LLC	Free	2013-07-06
162	Sky Guide: View Stars Night or Day	Fifth Star Labs LLC	Paid	2013-07-06
162	Bakery Story	TeamLava	Grossing	2013-07-06
163	PayPal	PayPal, an eBay Company	Free	2013-07-06
163	Where's My Perry?	Disney	Paid	2013-07-06
163	LinkedIn	LinkedIn Corporation	Grossing	2013-07-06
164	CSR Racing	NaturalMotion	Free	2013-07-06
164	Call of Duty: Zombies	Activision Publishing, Inc.	Paid	2013-07-06
164	Colormania - Guess the Colors	Genera Mobile	Grossing	2013-07-06
165	Kindle – Read Books, eBooks, Magazines, Newspapers & Textbooks	AMZN Mobile LLC	Free	2013-07-06
165	The Sims 3 Ambitions	Electronic Arts	Paid	2013-07-06
165	Angry Birds Rio	Rovio Entertainment Ltd	Grossing	2013-07-06
166	Google Translate	Google, Inc.	Free	2013-07-06
166	Pic The Word - Find The Common Word	Rainy Day App	Paid	2013-07-06
166	LINE	NAVER Japan Corporation	Grossing	2013-07-06
167	Wedding Salon - girls games	George CL	Free	2013-07-06
167	Message Designer	Tap Nation	Paid	2013-07-06
167	Plants vs. Zombies	PopCap	Grossing	2013-07-06
168	iFunny :)	Okrujnost'	Free	2013-07-06
168	TempoRun	TempoRun LLC	Paid	2013-07-06
168	Fairway Solitaire – A Cartoon Card Game of Golf & Gopher!	Big Fish Games, Inc	Grossing	2013-07-06
169	Voxer Walkie-Talkie PTT	Voxer LLC	Free	2013-07-06
169	Runtastic PRO GPS Running, Walking & Fitness Tracker	runtastic	Paid	2013-07-06
169	Kick the Buddy: Second Kick	Crustalli	Grossing	2013-07-06
170	PicsArt Photo Studio	PicsArt	Free	2013-07-06
170	Mine Run 3D - Pocket Block Escape Game with skins maker for character & minecraft (PC edition) 2 in 1!	Alex Krasnov	Paid	2013-07-06
170	Slots by Jackpotjoy	Gamesys	Grossing	2013-07-06
171	Space & Time	y-design	Free	2013-07-06
171	Pic What?!	Real Latte	Paid	2013-07-06
171	Call of Duty: Black Ops Zombies	Activision Publishing, Inc.	Grossing	2013-07-06
172	Yahoo! Weather	Yahoo!	Free	2013-07-06
172	Best Park In the Universe - Regular Show	Cartoon Network	Paid	2013-07-06
172	Kingdoms of Zenia: Dragon Wars	Rocket Sprocket, LLC	Grossing	2013-07-06
173	Fly Delta	Delta Air Lines, Inc.	Free	2013-07-06
173	What's Behind? - Swipe and Guess!	Palm Desert Studios	Paid	2013-07-06
173	Bingo Rush by Buffalo Studios	Buffalo Studios	Grossing	2013-07-06
174	Bike Race Free by Top Free Games	Top Free Games	Free	2013-07-06
174	3 Pics	Gummy Crush	Paid	2013-07-06
174	NYTimes Crosswords	Magmic Inc.	Grossing	2013-07-06
175	天天爱消除	Shenzhen Tencent Computer Systems Company Limited	Free	2013-07-06
175	iPhoto	Apple	Paid	2013-07-06
175	Frontline Commando: D-Day	Glu Games Inc.	Grossing	2013-07-06
176	GetItLive - rap/hip hop livemixtapes & radio	M-Work Solutions	Free	2013-07-06
176	Infinite Flight - Flight Simulator	Flying Development Studio LLC	Paid	2013-07-06
176	GarageBand	Apple	Grossing	2013-07-06
177	Foot Spa - Kids games	George CL	Free	2013-07-06
177	5K Runner: 0 to 5K run training	Clear Sky Apps LTD	Paid	2013-07-06
177	Angry Birds	Rovio Entertainment Ltd	Grossing	2013-07-06
178	CocoPPa - Japan Kawaii (cute) icons&homescreen	SPiRE, Inc.	Free	2013-07-06
178	Caveman Feast - Paleo recipes	Fat-Burning Man	Paid	2013-07-06
178	NFL Fantasy Football Cheat Sheet 2013	NFL Enterprises  LLC	Grossing	2013-07-06
179	My Verizon Mobile	Verizon Wireless IT	Free	2013-07-06
179	Pages	Apple	Paid	2013-07-06
179	Mini Golf MatchUp	Scopely - Top Free Apps and Games LLC	Grossing	2013-07-06
180	UNO ™ & Friends – The Classic Card Game Goes Social!	Gameloft	Free	2013-07-06
180	Instant Heart Rate - Heart Rate Monitor by Azumio	Azumio Inc.	Paid	2013-07-06
180	Age of Chaos	LVL6, Inc	Grossing	2013-07-06
181	Private Photo Vault - Ultimate Photo+Video Manager	William Sidell	Free	2013-07-06
181	Iconical - Customize your iPhone	DAP Logic	Paid	2013-07-06
181	iMPC for iPhone	Akai Professional	Grossing	2013-07-06
182	Booking.com Hotel reservations for 320,000+ hotels	Booking.com	Free	2013-07-06
182	Calorie Counter PRO by MyNetDiary	MyNetDiary Inc.	Paid	2013-07-06
182	MY LITTLE PONY - Friendship is Magic	Gameloft	Grossing	2013-07-06
183	Ninja Kid Run by Fun Games For Free	Fun Games For Free	Free	2013-07-06
183	DeluxeFX	Pictuts	Paid	2013-07-06
183	Order & Chaos© Online	Gameloft	Grossing	2013-07-06
184	JackThreads	Thrillist	Free	2013-07-06
184	Dark Sky - Weather Radar, Hyperlocal Forecasts, and Storm Alerts	Jackadam	Paid	2013-07-06
184	Bingo Pop	Uken Games	Grossing	2013-07-06
185	Little Girl Salon	Libii Tech Limited	Free	2013-07-06
185	Pivvot	Whitaker Trebella	Paid	2013-07-06
185	Pages	Apple	Grossing	2013-07-06
186	Robot Unicorn Attack 2	[adult swim]	Free	2013-07-06
186	Monogram (Custom Wallpaper)	George Liang	Paid	2013-07-06
186	SplashID Safe for iPhone	SplashData	Grossing	2013-07-06
187	Puzzle & Dragons (English)	GungHo Online Entertainment, Inc.	Free	2013-07-06
187	Dora's Great Big World	Nickelodeon	Paid	2013-07-06
187	Lose It!	FitNow	Grossing	2013-07-06
188	City Girl Makeover	Ninjafish Studios	Free	2013-07-06
188	Clear Vision (17+)	FDG Entertainment	Paid	2013-07-06
188	WowLikes	Natrobit S.r.l.	Grossing	2013-07-06
189	Job Search	Indeed.com	Free	2013-07-06
189	iBlacklist - Block Unwanted Calls	Max Kub	Paid	2013-07-06
189	Wine Spectator WineRatings+	M. Shanken Communications, Inc.	Grossing	2013-07-06
190	Ringtones 500.000+	DYSoftware	Free	2013-07-06
190	The Sims 3	Electronic Arts	Paid	2013-07-06
190	Contract Killer 2	Glu Games Inc.	Grossing	2013-07-06
191	Secret Passages: Hidden Objects	Pocket Gems, Inc.	Free	2013-07-06
191	MONOPOLY Here & Now: The World Edition	Electronic Arts	Paid	2013-07-06
191	Ancestry	Ancestry.com	Grossing	2013-07-06
192	ABC Family	ABC Family	Free	2013-07-06
192	Dictionary.com Dictionary & Thesaurus Premium	Dictionary.com, LLC	Paid	2013-07-06
192	The Wall Street Journal.	Dow Jones & Company, Inc.	Grossing	2013-07-06
193	Real Racing 3	Electronic Arts	Free	2013-07-06
193	This American Life	Public Radio Exchange (PRX)	Paid	2013-07-06
193	神魔之塔	Mad Head Limited	Grossing	2013-07-06
194	FX Photo Studio: pro effects & filters, fast camera plus photo editor	MacPhun LLC	Free	2013-07-06
194	Simply HDR	JixiPix Software	Paid	2013-07-06
194	textPlus Free Text + Calls : Free Texting + Free Phone Calling + Free International Messenger	textPlus, Inc.	Grossing	2013-07-06
195	Walmart	Walmart	Free	2013-07-06
195	myWOD — All-in-One WOD Log for XF Workouts (NOT AFFILIATED WITH CrossFit Inc)	theDreamWorkshop	Paid	2013-07-06
195	Pimp Your Screen	Apalon	Grossing	2013-07-06
196	Fast & Furious 6: The Game	Kabam	Free	2013-07-06
196	Yoga Studio	Modern Lotus	Paid	2013-07-06
196	Big Win MLB	Hothead Games Inc.	Grossing	2013-07-06
197	Hangouts	Google, Inc.	Free	2013-07-06
197	Tips & Tricks - iPhone Secrets	Intelligenti Ltd	Paid	2013-07-06
197	Grand Theft Auto III	Rockstar Games	Grossing	2013-07-06
198	Bejeweled Blitz	PopCap	Free	2013-07-06
198	SkyDroid - Golf GPS	Goldstein Technologies LLC	Paid	2013-07-06
198	Gone Fishing	Drimmi LLC	Grossing	2013-07-06
199	The DailyHoroscope	Max Binshtok	Free	2013-07-06
199	Mextures	MEREK DAVIS COM, LLC	Paid	2013-07-06
199	Airport City	Game Insight, LLC	Grossing	2013-07-06
200	Poshmark	Poshmark, Inc.	Free	2013-07-06
200	Monkey Preschool Lunchbox	THUP Games	Paid	2013-07-06
200	Family Feud® & Friends	Ludia	Grossing	2013-07-06
201	WeChat	WeChat	Free	2013-07-06
201	My Followers On Instagram	Apprizon LLC	Paid	2013-07-06
201	Evernote	Evernote	Grossing	2013-07-06
202	Fandango Movies – Times & Tickets	Fandango	Free	2013-07-06
202	A Beautiful Mess +	Kim Tools	Paid	2013-07-06
202	Pirate Maidens	Aeria Mobile	Grossing	2013-07-06
203	Squaready - Instagram layouter	FANG Inc.	Free	2013-07-06
203	Phase 10	Magmic Inc.	Paid	2013-07-06
203	Slots™ - Titan's Way	TOPGAME	Grossing	2013-07-06
204	Capital One Mobile	Capital One	Free	2013-07-06
204	Jesus Calling Devotional by Sarah Young	Nelson Media, Inc.	Paid	2013-07-06
204	Pic Stitch	Big Blue Clip, LLC	Grossing	2013-07-06
205	Photo Editor-	Axiem Systems	Free	2013-07-06
205	Color Zen	Large Animal Games	Paid	2013-07-06
205	Contra: Evolution	PunchBox Studios	Grossing	2013-07-06
206	Solitaire	MobilityWare	Free	2013-07-06
206	JEOPARDY! Platinum	Sony Pictures Television	Paid	2013-07-06
206	Fruit Mania™	TeamLava	Grossing	2013-07-06
207	Wells Fargo Mobile	Wells Fargo	Free	2013-07-06
207	Rock Bandits - Adventure Time	Cartoon Network	Paid	2013-07-06
207	Wipeout	Activision Publishing, Inc.	Grossing	2013-07-06
208	Hulu Plus	Hulu, LLC	Free	2013-07-06
208	White Noise	TMSOFT	Paid	2013-07-06
208	Total Domination - Reborn	Plarium Global Ltd	Grossing	2013-07-06
209	Duolingo - Learn Languages for Free	Duolingo	Free	2013-07-06
209	LEGO Batman: DC Super Heroes	Warner Bros.	Paid	2013-07-06
209	Disney Junior Appisodes	Disney	Grossing	2013-07-06
210	4 Pics 1 Word	LOTUM GmbH	Free	2013-07-06
210	Papa's Burgeria To Go!	Flipline Studios	Paid	2013-07-06
210	Cut the Rope	Chillingo Ltd	Grossing	2013-07-06
211	Ibotta - Cash, Not Coupons	Ibotta, Inc.	Free	2013-07-06
211	Ultimate Mortal Kombat™ 3	Electronic Arts	Paid	2013-07-06
211	Texas Holdem Poker	GeaxGame Inc	Grossing	2013-07-06
212	Fruit Ninja Free	Halfbrick Studios	Free	2013-07-06
212	Stickman Base Jumper	Robert Szeleney	Paid	2013-07-06
212	Marine&Lakes: USA	Navionics	Grossing	2013-07-06
213	ZEDGE™ Wallpapers	ZEDGE	Free	2013-07-06
213	Elmo Calls	Sesame Street	Paid	2013-07-06
213	Walking Dead: The Game	Telltale Inc	Grossing	2013-07-06
214	Amazon Local	AMZN Mobile LLC	Free	2013-07-06
214	Real Steel	Reliance Big Entertainment UK Private Ltd	Paid	2013-07-06
214	Pet Shop Story™	TeamLava	Grossing	2013-07-06
215	Angry Birds Rio	Rovio Entertainment Ltd	Free	2013-07-06
215	Stack the States™	Dan Russell-Pinson	Paid	2013-07-06
215	Temple Run: Oz	Disney	Grossing	2013-07-06
216	Words With Friends Free	Zynga Inc.	Free	2013-07-06
216	Vintique	GMY Studio	Paid	2013-07-06
216	Head Soccer	D&D Dream Corp.	Grossing	2013-07-06
217	The Key	MonteRosa AB	Free	2013-07-06
217	Sleep Pillow Sounds: white noise machine app	Clear Sky Apps LTD	Paid	2013-07-06
217	Jesus Calling Devotional by Sarah Young	Nelson Media, Inc.	Grossing	2013-07-06
218	GroupMe™	Mindless Dribble Inc.	Free	2013-07-06
218	The World Ends with You: Solo Remix	SQUARE ENIX	Paid	2013-07-06
218	Sonic Dash	SEGA	Grossing	2013-07-06
219	Real Estate by Trulia - Homes for Sale & Apartments for Rent	Trulia	Free	2013-07-06
219	Farming Simulator 2012	Mehr Apps von astragon Software GmbH	Paid	2013-07-06
219	Panda Jam	SGN	Grossing	2013-07-06
220	Bloons TD Battles	Ninja Kiwi	Free	2013-07-06
220	Weather Live	Apalon	Paid	2013-07-06
220	Jillian Michaels Slim-Down Solution	Everyday Health, Inc.	Grossing	2013-07-06
221	PicLab - Photo Editor	Adamo Creative	Free	2013-07-06
221	iStudiez Pro	iStudiez Team	Paid	2013-07-06
221	Bodyweight Training: You Are Your Own Gym	Hard Coded Studios	Grossing	2013-07-06
222	Hill Climb Racing	Fingersoft	Free	2013-07-06
222	Radar Cast Pro - NOAA Hi-Def FutureCast, Push Notifications, Lightning Strikes & Weather	WeatherSphere	Paid	2013-07-06
222	Sniper Shooter by Fun Games for Free	Fun Games For Free	Grossing	2013-07-06
223	RedLaser – Barcode Scanner, Shopping Assistant & QR Code Reader	eBay Inc.	Free	2013-07-06
223	Sleep Time+  Alarm Clock and Sleep Cycle Analysis with Soundscape for Health and Fitness	Azumio Inc.	Paid	2013-07-06
223	Battle Beach	Ember Entertainment	Grossing	2013-07-06
224	AMBER Alert	Jonathan Zdziarski	Free	2013-07-06
224	Levitagram - Levitation Photography for Dummies!	LOCQL, Inc.	Paid	2013-07-06
224	Skout - Meet, Chat, Friend	Skout, Inc.	Grossing	2013-07-06
225	Whitagram - white background for instagram	Undefined Unit	Free	2013-07-06
225	Level It Books	KTL Apps	Paid	2013-07-06
225	Toca Hair Salon 2	Toca Boca AB	Grossing	2013-07-06
226	MinoMonsters	MinoMonsters, Inc.	Free	2013-07-06
226	Pudding Monsters	ZeptoLab UK Limited	Paid	2013-07-06
226	The World Ends with You: Solo Remix	SQUARE ENIX	Grossing	2013-07-06
227	Text Free with Textfree: SMS with a Real Phone Number	Pinger, Inc.	Free	2013-07-06
227	Marine&Lakes: USA	Navionics	Paid	2013-07-06
227	HowAboutWe Dating – Find Singles & Go On Dates Free	HowAboutWe	Grossing	2013-07-06
228	Campus Life™	Pocket Gems, Inc.	Free	2013-07-06
228	Gangstar Vegas	Gameloft	Paid	2013-07-06
228	War of the Fallen	Zynga Inc.	Grossing	2013-07-06
229	Text Me! 2 - Free Texting + Free Phone Calls + Free Video Call	TextMe, Inc.	Free	2013-07-06
229	Rope'n'Fly 3 - From Dusk Till Dawn	Robert Szeleney	Paid	2013-07-06
229	9 Innings: 2013 Pro Baseball	Com2uS USA, Inc.	Grossing	2013-07-06
230	United Airlines	United Airlines	Free	2013-07-06
230	Tweetbot for Twitter (iPhone & iPod touch)	Tapbots	Paid	2013-07-06
230	Need for Speed™ Most Wanted	Electronic Arts	Grossing	2013-07-06
231	Split Lens 2-Clone Yourself in Video/Photo,Make illusion Video/Photo,+Filters&FX!	Loveyouchen	Free	2013-07-06
231	iMuscle 2 - iPhone Edition	3D4Medical.com, LLC	Paid	2013-07-06
231	Line2 - A new phone line with calling, texting and business features.	Toktumi, Inc.	Grossing	2013-07-06
232	Turbo Racing League	PikPok	Free	2013-07-06
232	Pimp My Keyboard! Pro	Fung Yi Chan	Paid	2013-07-06
232	RotoWire Fantasy Football Draft Kit 2013	Roto Sports, Inc.	Grossing	2013-07-06
233	App Icons - Home Screen Icons, Skins, Frames, Backgrounds, Custom Themes and Icon Maker	Matsvei Tsimashenka	Free	2013-07-06
233	Paleo Central	Nerd Fitness	Paid	2013-07-06
233	iTranslate Voice	Sonico GmbH	Grossing	2013-07-06
234	CBS	CBS Interactive	Free	2013-07-06
234	Hipstamatic	Hipstamatic, LLC	Paid	2013-07-06
234	HellFire	Mobage, Inc.	Grossing	2013-07-06
235	PGA Championship	PGA.com	Free	2013-07-06
235	Voice Text	Ivo Valcic	Paid	2013-07-06
235	WeChat	WeChat	Grossing	2013-07-06
236	LINE	NAVER Japan Corporation	Free	2013-07-06
236	Baby Wonder Weeks Development Calendar	Domus Technica	Paid	2013-07-06
236	Golf Star™	Com2uS USA, Inc.	Grossing	2013-07-06
237	Facebook Pages Manager	Facebook, Inc.	Free	2013-07-06
237	Icebreaker: A Viking Voyage	Rovio Stars Ltd.	Paid	2013-07-06
237	A Beautiful Mess	Red Velvet Art LLC	Grossing	2013-07-06
238	VEVO - Watch Free HD Music Videos, Live Concerts, Original Shows & Discover New Artists	VEVO	Free	2013-07-06
238	My Weekly Budget - MyWB	AvocSoft LLC	Paid	2013-07-06
238	Running for Weight Loss PRO: training plan, GPS, how-to-lose-weight tips by Red Rock Apps	GRINASYS CORP.	Grossing	2013-07-06
239	Jewel Mania™	TeamLava	Free	2013-07-06
239	Zombieville USA	Mika Mobile, Inc.	Paid	2013-07-06
239	Akinator the Genie	Elokence	Grossing	2013-07-06
240	Period Tracker Lite	GP Apps	Free	2013-07-06
240	Peggle	PopCap	Paid	2013-07-06
240	Valor™ HD	Quark Games, Inc.	Grossing	2013-07-06
241	Uber	Uber Technologies, Inc.	Free	2013-07-06
241	Block Earth	ChooFun Games	Paid	2013-07-06
241	High Noon	Happylatte	Grossing	2013-07-06
242	Scan - QR Code and Barcode Reader	QR Code City	Free	2013-07-06
242	Mail+ for Outlook	iKonic Apps LLC	Paid	2013-07-06
242	AYI – Are you interested? Date, flirt, and chat with local singles.	SNAP Interactive, Inc.	Grossing	2013-07-06
243	MyRadar Weather Radar	Aviation Data Systems, Inc	Free	2013-07-06
243	Battery Boost Magic pro	Clear Sky Apps LTD	Paid	2013-07-06
243	MetalStorm: Aces	Z2Live, Inc	Grossing	2013-07-06
244	Pistachio Sketch App	Think Orange	Free	2013-07-06
244	The Amazing Spider-Man	Gameloft	Paid	2013-07-06
244	Sleep Cycle alarm clock	Maciek Drejak Labs	Grossing	2013-07-06
245	Must-Have Recipes from Better Homes and Gardens	Meredith Corporation	Free	2013-07-06
245	Runtastic Pedometer Step Counter & Tracker PRO	runtastic	Paid	2013-07-06
245	Matching With Friends	Zynga Inc.	Grossing	2013-07-06
246	Skout - Meet, Chat, Friend	Skout, Inc.	Free	2013-07-06
246	Offroad Legends	Dogbyte Games Kft.	Paid	2013-07-06
246	1Password - Password Manager and Secure Wallet	AgileBits Inc.	Grossing	2013-07-06
247	Video for Kik	NiXPA	Free	2013-07-06
247	LIVESTRONG.COM - Calorie Tracker - Your Diet and Fitness Calorie Counter for Better Health	LIVESTRONG.COM	Paid	2013-07-06
247	Infinite Flight - Flight Simulator	Flying Development Studio LLC	Grossing	2013-07-06
248	WATCH ABC	ABC Digital	Free	2013-07-06
248	Juxtaposer	Pocket Pixels Inc.	Paid	2013-07-06
248	Fashion Story™	TeamLava	Grossing	2013-07-06
249	Ringtone Designer - Create Unlimited Ringtones, Text Tones, Email Alerts, and More!	BLACKOUT LABS	Free	2013-07-06
249	The Fast Metabolism Diet App – Customized meal planning, food lists, and diet tools	Random House Digital, Inc.	Paid	2013-07-06
249	djay 2 for iPhone	algoriddim	Grossing	2013-07-06
250	iTube FREE - Playlist Manager for YouTube	Shulamit Markish	Free	2013-07-06
250	iMaps+ for Google Maps : Directions, Street View, Places Search and Contacts	Apptility Limited	Paid	2013-07-06
250	3D MMO Celtic Heroes	One Thumb Mobile	Grossing	2013-07-06
251	KAYAK	kayak.com	Free	2013-07-06
251	Puffin Web Browser	CloudMosa, Inc.	Paid	2013-07-06
251	Gangstar Vegas	Gameloft	Grossing	2013-07-06
252	The Dave Ramsey Show 24/7	Dave Ramsey	Free	2013-07-06
252	RISK	Electronic Arts	Paid	2013-07-06
252	Fruit Ninja	Halfbrick Studios	Grossing	2013-07-06
253	Goodreads	Goodreads	Free	2013-07-06
253	Grindr Xtra	Grindr LLC	Paid	2013-07-06
253	Bus Derby	Dimension Technics	Grossing	2013-07-06
254	LivingSocial	LivingSocial	Free	2013-07-06
254	Minecraft Skin Studio - Official Skins Creator for Minecraft	57Digital Ltd	Paid	2013-07-06
254	Slots Journey	FishSticks Games	Grossing	2013-07-06
255	CBS Sports Fantasy Football & News	CBS Interactive	Free	2013-07-06
255	Skylanders Cloud Patrol	Activision Publishing, Inc.	Paid	2013-07-06
255	Palringo Group Messenger	Palringo Limited	Grossing	2013-07-06
256	CNN App for iPhone	CNN Interactive Group, Inc.	Free	2013-07-06
256	Need for Speed™ Most Wanted	Electronic Arts	Paid	2013-07-06
256	8 Ball Pool™	Miniclip.com	Grossing	2013-07-06
257	Runtastic GPS Running, Walking & Fitness Tracker	runtastic	Free	2013-07-06
257	5-0 Radio Pro Police Scanner (Extra Feeds)	Smartest Apps LLC	Paid	2013-07-06
257	The Whole Pantry	Belle Gibson	Grossing	2013-07-06
258	GasBuddy - Find Cheap Gas Prices	GasBuddy Organization Inc	Free	2013-07-06
258	Guitar Tuner!	Peter Deelstra	Paid	2013-07-06
258	Cozi Family Organizer: Calendar and Lists	Cozi	Grossing	2013-07-06
259	8tracks Radio	8tracks Inc.	Free	2013-07-06
259	Wreck-it Ralph	Disney	Paid	2013-07-06
259	The Tribez	Game Insight, LLC	Grossing	2013-07-06
260	Splyce - fancy music player with audio and visual magical powers	InQBarna	Free	2013-07-06
260	PocketPharmacist - Drug Information, Interaction Checker, and Medication Organizer	Danike, Inc.	Paid	2013-07-06
260	Tiny Monsters™	TinyCo, Inc.	Grossing	2013-07-06
261	Angry Birds Free	Rovio Entertainment Ltd	Free	2013-07-06
261	I Am T-Pain 2.0	Smule	Paid	2013-07-06
261	WhitePages	WhitePages.com	Grossing	2013-07-06
262	FrameUrLife - Picture Frames + Photo collage	Imagination Unlimited	Free	2013-07-06
262	Bloons TD 4	Digital Goldfish Ltd	Paid	2013-07-06
262	P90X	Beachbody, LLC	Grossing	2013-07-06
263	myAT&T	AT&T Services, Inc.	Free	2013-07-06
263	iHandy Translator Pro	iHandy Inc.	Paid	2013-07-06
263	PGA TOUR Caddie	Shotzoom Software	Grossing	2013-07-06
264	SnipSnap Coupon App	SnipSnap	Free	2013-07-06
264	Photo Transfer App - Easily move, share and backup pictures and videos over wifi	ERCLab, LLC	Paid	2013-07-06
264	Dice With Buddies Free	Scopely - Top Free Apps and Games LLC	Grossing	2013-07-06
265	MARVEL War of Heroes	Mobage, Inc.	Free	2013-07-06
265	Alarm Clock HD	Alarm Clock Company	Paid	2013-07-06
265	Empire: Four Kingdoms	Goodgame Studios	Grossing	2013-07-06
266	T-shirt design - Snaptee	Snaptee Limited	Free	2013-07-06
266	Emoji Emoticons - Emoji Art, Text Pics, Cool Fonts, Special Symbols, Animoticons and Combo Emojis	iDeviceApps	Paid	2013-07-06
266	Texas HoldEm Poker Deluxe	Sky Union LLC	Grossing	2013-07-06
267	Monster Shooter 2: Back to Earth	Gamelion Studios	Free	2013-07-06
267	Word Swag - Cool typography & quotes generator for your pic	Oringe Photo & Fonts Caption Co.	Paid	2013-07-06
267	Gems With Friends	Zynga Inc.	Grossing	2013-07-06
268	CVS Pharmacy	CVS Pharmacy	Free	2013-07-06
268	Lock Photo+Video Safe Pro - A Secure Folder Manager To Protect My Private Photo Vault & Secret Pic.ture Privacy	Mo Wellin	Paid	2013-07-06
268	Run with Map My Run+ - GPS Running, Jog, Walk, Workout Tracking and Calorie Counter	MapMyFitness	Grossing	2013-07-06
269	Photo Collage ∞	Kai Xia	Free	2013-07-06
269	Valkyrie	Bifrost Studios	Paid	2013-07-06
269	Video Star	Frontier Design Group	Grossing	2013-07-06
270	Little Dentist - kids games	George CL	Free	2013-07-06
270	SafetyCheck Louisville	Metro Mapper LLC	Paid	2013-07-06
270	Battleship Craft	Phyzios, Inc.	Grossing	2013-07-06
271	TimerCam - Self Timer Camera -	Daisuke Yamashita	Free	2013-07-06
271	P90X	Beachbody, LLC	Paid	2013-07-06
271	The Amazing Spider-Man	Gameloft	Grossing	2013-07-06
272	Dunkin' Donuts	Dunkin' Donuts	Free	2013-07-06
272	FACEinHOLE - Who do you want to be today?	Lisbon Labs	Paid	2013-07-06
272	RenWeb Home	RenWeb	Grossing	2013-07-06
273	Urban Dictionary	Urban Dictionary	Free	2013-07-06
273	Clear	Realmac Software	Paid	2013-07-06
273	Escape the Titanic - Devious Escape Puzzler	FreshGames, LLC	Grossing	2013-07-06
274	The Hobbit: Kingdoms of Middle-earth	Kabam	Free	2013-07-06
274	SkyView - Explore the Universe	Terminal Eleven LLC	Paid	2013-07-06
274	Home Design Story	TeamLava	Grossing	2013-07-06
275	US Airways	US Airways	Free	2013-07-06
275	Face Swap!	Iddiction	Paid	2013-07-06
275	7 Little Words	Blue Ox Technologies Ltd.	Grossing	2013-07-06
276	Dictionary.com Dictionary & Thesaurus	Dictionary.com, LLC	Free	2013-07-06
276	Infinity Blade II	Chair Entertainment Group, LLC	Paid	2013-07-06
276	The Sims 3	Electronic Arts	Grossing	2013-07-06
277	Emoji 2 Emoticons Free + Photo Captions Collage - 300+ New Smiley Symbols & Icons for Messages & Emails	Empire Apps	Free	2013-07-06
277	Period Tracker Deluxe	GP Apps	Paid	2013-07-06
277	Bingo Run 2	Pixel Dreams	Grossing	2013-07-06
278	Retrica	Sangwon Park	Free	2013-07-06
278	Fooducate Plus - Diet Tracker & Healthy Food Nutrition Scanner	Fooducate, Ltd.	Paid	2013-07-06
278	Where's My Water?	Disney	Grossing	2013-07-06
279	Temple Run	Imangi Studios, LLC	Free	2013-07-06
279	Ricky Carmichael's Motocross Matchup Pro	2XL Games, Inc.	Paid	2013-07-06
279	All-in YOGA: 300 Poses & Yoga Classes	Plus Sports	Grossing	2013-07-06
280	Bandsintown Concerts	Bandsintown Inc.	Free	2013-07-06
280	Ultimate Seeds for Minecraft	Innovative Devs	Paid	2013-07-06
280	Photon Flash Player for iPhone - Flash Video & Games plus Private Web Browser	Appsverse Inc.	Grossing	2013-07-06
281	Omicron	Canupa	Free	2013-07-06
281	Vector for iPhone	Nekki	Paid	2013-07-06
281	Crime Inc.	Uken Games	Grossing	2013-07-06
282	Amazon Instant Video	AMZN Mobile LLC	Free	2013-07-06
282	Running with Friends	Zynga Inc.	Paid	2013-07-06
282	Happy Street	Godzilab	Grossing	2013-07-06
283	Adobe Reader	Adobe	Free	2013-07-06
283	Robot Unicorn Attack	[adult swim]	Paid	2013-07-06
283	Micromedex Drug Interactions	Truven Health Analytics Inc.	Grossing	2013-07-06
284	POF - Free Online Dating	PlentyOfFish	Free	2013-07-06
284	Civilization Revolution	2K Games	Paid	2013-07-06
284	Tiny Cars	Playdino	Grossing	2013-07-06
285	Summer Girl Makeover	Ninjafish Studios	Free	2013-07-06
285	Fish Out Of Water!	Halfbrick Studios	Paid	2013-07-06
285	Epocrates	Epocrates	Grossing	2013-07-06
286	Talking Angela	Out Fit 7 Ltd.	Free	2013-07-06
286	iClean - Remove and clean all the deleted temporary files from your iPhone, iPad or iPod	Monkey Taps	Paid	2013-07-06
286	Followers + for Instagram - Follow Management Tool for iPhone, iPad, iPod	Tappple	Grossing	2013-07-06
287	Family Feud® & Friends	Ludia	Free	2013-07-06
287	Battery Power Pro	iHandy Inc.	Paid	2013-07-06
287	Family Farm Seaside	Fun+	Grossing	2013-07-06
288	Walk with Map My Walk - GPS Pedometer for Walking, Jogging, Running, Workout Tracking and Calorie Counter	MapMyFitness	Free	2013-07-06
288	7-Minute Workout (High Intensity Training)	lolo	Paid	2013-07-06
288	Photo Editor by Aviary	Aviary	Grossing	2013-07-06
289	Cut the Rope Free	Chillingo Ltd	Free	2013-07-06
289	Ringtone Designer Pro - Create Unlimited Ringtones, Text Tones, Email Alerts, and More!	BLACKOUT LABS	Paid	2013-07-06
289	Guardian Cross	SQUARE ENIX	Grossing	2013-07-06
290	Redbox	redbox	Free	2013-07-06
290	Keynote Remote	Apple	Paid	2013-07-06
290	Hidden Objects: Gardens of Time	Disney	Grossing	2013-07-06
291	Adobe Photoshop Express	Adobe	Free	2013-07-06
291	My Alarm Clock	Apalon	Paid	2013-07-06
291	Bike Race Pro	Top Free Games	Grossing	2013-07-06
292	ESPN ScoreCenter	ESPN	Free	2013-07-06
292	Modern Combat 4: Zero Hour	Gameloft	Paid	2013-07-06
292	PEOPLE CelebWatch	Time Inc.	Grossing	2013-07-06
293	Google Drive	Google, Inc.	Free	2013-07-06
293	Sunday Lawn	Donut Games	Paid	2013-07-06
293	Rhonna Designs	Rhonna Farrer	Grossing	2013-07-06
294	Speedtest.net Mobile Speed Test	Ookla	Free	2013-07-06
294	Points Calculator for Weight Loss and Exercise with Food Value Nutrition Diet Tracker Calorie Watchers Journal - Lose Weight Online with Mobile Tracking - iTrackBites Pro app by ellisapps	Ellisapps Inc.	Paid	2013-07-06
294	App Icons	Matsvei Tsimashenka	Grossing	2013-07-06
295	H&M	H&M	Free	2013-07-06
295	PicTapGo	Totally Rad! Inc.	Paid	2013-07-06
295	MLB Dream Nine Mobile	Konami Digital Entertainment	Grossing	2013-07-06
296	Talkatone - free phone calls and SMS texting app with Google Voice	TALKATONE, INC.	Free	2013-07-06
296	Skins Creator Pro Editor for Minecraft Game Textures Skin	Seus Corp Ltd.	Paid	2013-07-06
296	Door Slammers Drag Racing	Virtual Dyno	Grossing	2013-07-06
297	TripAdvisor Hotels Flights Restaurants	TripAdvisor LLC	Free	2013-07-06
297	Sky Tourist	Alexander Lading	Paid	2013-07-06
297	Fun Run - Multiplayer Race	dirtyBit	Grossing	2013-07-06
298	BeFunky Photo Editor	BeFunky	Free	2013-07-06
298	Footballguys Fantasy Football Draft GM 2013	Sportsguys LLC	Paid	2013-07-06
298	The Economist for iPhone	The Economist	Grossing	2013-07-06
299	Video Tube Free for YouTube	Yau You Music Video Professionals - Tube Studio	Free	2013-07-06
299	Lub vs Dub	Jon McKellan	Paid	2013-07-06
299	LIMBO Game	Playdead	Grossing	2013-07-06
300	Whisper - Share, Express, Meet	WhisperText LLC.	Free	2013-07-06
300	Secret Apps	Sensible Code	Paid	2013-07-06
300	Flick Home Run !	infinity pocket	Grossing	2013-07-06
301	Domino's Pizza USA	Domino's Pizza LLC	Free	2013-07-06
301	Pacific Rim	Reliance Big Entertainment UK Private Ltd	Paid	2013-07-06
301	Arcane Empires	Kabam	Grossing	2013-07-06
302	Scout GPS, Maps, Voice Navigation & Traffic	Telenav, Inc.	Free	2013-07-06
302	Numbers	Apple	Paid	2013-07-06
302	BLOODMASQUE	SQUARE ENIX	Grossing	2013-07-06
303	Lose It!	FitNow	Free	2013-07-06
303	Endless Alphabet	Callaway Digital Arts Inc.	Paid	2013-07-06
303	Stardom: Hollywood	Glu Games Inc.	Grossing	2013-07-06
304	Crazy Squares: Milk River Run	General Mills Inc.	Free	2013-07-06
304	Doodle Army	Chad Towns	Paid	2013-07-06
304	Angry Birds Friends	Rovio Entertainment Ltd	Grossing	2013-07-06
305	Fitness Buddy FREE : 300+ Exercise Workout Journal	Azumio Inc.	Free	2013-07-06
305	TripIt - Travel Organizer (no ads)	TripIt	Paid	2013-07-06
305	Robot Unicorn Attack 2	[adult swim]	Grossing	2013-07-06
306	Snapseed	Nik Software, Inc.	Free	2013-07-06
306	Clash of the Olympians	Ironhide Game Studio	Paid	2013-07-06
306	Over	Potluck	Grossing	2013-07-06
307	FREE Calls with magicJack	magicJack	Free	2013-07-06
307	Tinychat	Tinychat	Paid	2013-07-06
307	Kik Messenger	KIK INTERACTIVE INC.	Grossing	2013-07-06
308	Princess Salon™	Libii Tech Limited	Free	2013-07-06
308	Disney Junior Minnie Mouseke-Puzzles	Disney	Paid	2013-07-06
308	Navigation By Telenav - Telenav GPS Plus	Telenav, Inc.	Grossing	2013-07-06
309	Photo Grid - Collage Maker	Roid App	Free	2013-07-06
309	Coach's Eye	TechSmith Corporation	Paid	2013-07-06
309	Gems With Friends Free	Zynga Inc.	Grossing	2013-07-06
310	Kroger Co.	The Kroger Co.	Free	2013-07-06
310	Instaframe Pro - Photo Collage + Picture Frame Editor for Instagram	Imagination Unlimited	Paid	2013-07-06
310	Split Lens 2 Pro-Clone Yourself in Video/Photo,Make illusion Video/Photo,+Filters&FX!	Loveyouchen	Grossing	2013-07-06
311	Evernote	Evernote	Free	2013-07-06
311	Smosh Super Head Esploder X	Smosh LLC	Paid	2013-07-06
311	Rhapsody	Rhapsody International Inc.	Grossing	2013-07-06
312	Ticketmaster	Ticketmaster	Free	2013-07-06
312	Cartoon Wars 2: Heroes	BLUE GNC	Paid	2013-07-06
312	NBA 2K13	2K Sports	Grossing	2013-07-06
313	SoundHound	SoundHound, Inc.	Free	2013-07-06
313	Grand Theft Auto: Chinatown Wars	Rockstar Games	Paid	2013-07-06
313	Free and Cheap International Calls & Texting by Voxofon - Call Free App to App, Cheap Calls and International Text, Cheap SMS and Free Messaging, VoIP Call & WiFi Calling	Voxofon LLC	Grossing	2013-07-06
314	iTranslate - free translator & dictionary	Sonico GmbH	Free	2013-07-06
314	Alarm Clock Pro	iHandy Inc.	Paid	2013-07-06
314	ROBLOX Mobile	Roblox Corporation	Grossing	2013-07-06
315	Pro App	The Home Depot, Inc.	Free	2013-07-06
315	Scramble With Friends	Zynga Inc.	Paid	2013-07-06
315	Modern Combat 4: Zero Hour	Gameloft	Grossing	2013-07-06
316	Lemon Wallet	Lemon, Inc.	Free	2013-07-06
316	FlightTrack – Live Flight Status Tracker by Mobiata	Ben Kazez	Paid	2013-07-06
316	Private Photo Vault - Ultimate Photo+Video Manager	William Sidell	Grossing	2013-07-06
317	Houzz Interior Design Ideas	Houzz Inc.	Free	2013-07-06
317	Pocket Yoga	Rainfrog, LLC	Paid	2013-07-06
317	Solitaire Blitz	PopCap	Grossing	2013-07-06
318	Hollister	Abercrombie & Fitch	Free	2013-07-06
318	Bike Baron	Mountain Sheep	Paid	2013-07-06
318	Text Free with Textfree: SMS with a Real Phone Number	Pinger, Inc.	Grossing	2013-07-06
319	IMDb Movies & TV	IMDb	Free	2013-07-06
319	WolframAlpha	Wolfram Alpha LLC	Paid	2013-07-06
319	Tree World	Playforge Games LLC	Grossing	2013-07-06
320	Planet Plop	PiVi & Co	Free	2013-07-06
320	iExit Interstate Exit Guide	Metrocket, LLC	Paid	2013-07-06
320	Mate1.com - Date Local Singles	Mate1.com	Grossing	2013-07-06
321	Running with Friends Free	Zynga Inc.	Free	2013-07-06
321	PopStar! - TapTap Stars Top App - Addictive Adventure Match Game	zhai bin	Paid	2013-07-06
321	모두의마블 for Kakao	CJ E&M	Grossing	2013-07-06
322	NFL.com Fantasy Football 2013	NFL Enterprises  LLC	Free	2013-07-06
322	My Baby's Beat	Matis inc.	Paid	2013-07-06
322	RunKeeper - GPS Track Running Walking Cycling	FitnessKeeper, Inc.	Grossing	2013-07-06
323	InstaBlend - The Arty Double Exposure Blender With Instagram Ready Square Frames!	Applause PTY LTD	Free	2013-07-06
323	Tank Hero	Clapfoot Inc.	Paid	2013-07-06
323	NFL Shuffle 2013	GREE, Inc.	Grossing	2013-07-06
324	C25K® - 5K Trainer FREE	Zen Labs	Free	2013-07-06
324	AppZilla 3 : 150 in 1!	Fossil Software	Paid	2013-07-06
324	Beat the Boss 2	Game Hive Corp.	Grossing	2013-07-06
325	Fitbit	Fitbit, Inc.	Free	2013-07-06
325	World of Cubes - block building game with multiplayer	SolverLabs	Paid	2013-07-06
325	Star Warfare:Alien Invasion	Freyr Games	Grossing	2013-07-06
326	Southwest Airlines	Southwest Airlines Co.	Free	2013-07-06
326	Tom Loves Angela	Out Fit 7 Ltd.	Paid	2013-07-06
326	VIP Poker	TinyCo, Inc.	Grossing	2013-07-06
327	Surviving High School	Electronic Arts	Free	2013-07-06
327	Boxer - Your Inbox for Outlook, Gmail, Exchange, Hotmail, iCloud, Dropbox, Facebook, LinkedIn, Yahoo, AOL & IMAP Email	Taskbox	Paid	2013-07-06
327	Numbers	Apple	Grossing	2013-07-06
328	Homestyler	Autodesk Inc.	Free	2013-07-06
328	Clear Vision 2	DPFLASHES STUDIOS	Paid	2013-07-06
328	Zombies, Run!	Six to Start	Grossing	2013-07-06
329	Doodle Truck 2	Triniti Interactive Limited	Free	2013-07-06
329	CamCard - Business card scanner & Business card reader & scan card	IntSig Information Co.,Ltd	Paid	2013-07-06
329	Dessert Maker	Sunstorm Interactive	Grossing	2013-07-06
330	>Emoji	Emoji	Free	2013-07-06
330	Draw Something 2™	Zynga Inc.	Paid	2013-07-06
330	Doodle Jump	Lima Sky	Grossing	2013-07-06
331	Hair Salon - Fun Kids games	George CL	Free	2013-07-06
331	Yesterday	Bulkypix	Paid	2013-07-06
331	Runtastic PRO GPS Running, Walking & Fitness Tracker	runtastic	Grossing	2013-07-06
332	textPlus Free Text + Calls : Free Texting + Free Phone Calling + Free International Messenger	textPlus, Inc.	Free	2013-07-06
332	BADLAND	Frogmind	Paid	2013-07-06
332	TomTom U.S.A.	TomTom	Grossing	2013-07-06
333	Big Fish Casino – Free Slots, Blackjack, Roulette, Poker and More!	Big Fish Games, Inc	Free	2013-07-06
333	CLUE	Electronic Arts	Paid	2013-07-06
333	Galaxy Empire	Tap4Fun	Grossing	2013-07-06
334	Tophatter	Tophatter, Inc.	Free	2013-07-06
334	Surviving High School Paid	Electronic Arts	Paid	2013-07-06
334	Block Fortress	Foursaken Media	Grossing	2013-07-06
335	HBO GO	Home Box Office, Inc.	Free	2013-07-06
335	SayHi Translate	SayHi	Paid	2013-07-06
335	Call of Duty: Zombies	Activision Publishing, Inc.	Grossing	2013-07-06
336	MB: YouTube music video player edition (Download free app & play songs like radio! Share playlist URL to Facebook, Twitter, Google Gmail, Tumblr, Path, WhatsApp and Line. DISCLAIMER: This is not an mp3, lyric or ringtone downloader)	MixerBox Inc.	Free	2013-07-06
336	Parking Mania	Clickgamer.com	Paid	2013-07-06
336	Inside Lacrosse	MAZ Digital LLC	Grossing	2013-07-06
337	Free Music Download.	Limit Point Software	Free	2013-07-06
337	F18 Carrier Landing	RORTOS DI SIMONETTO LUIGINO E C. SAS	Paid	2013-07-06
337	VSCO Cam™	Visual Supply Company	Grossing	2013-07-06
338	Blueprint 3D	FDG Entertainment	Free	2013-07-06
338	Video Tube for YouTube	Yau You Music Video Professionals - Tube Studio	Paid	2013-07-06
338	LEGO Batman: DC Super Heroes	Warner Bros.	Grossing	2013-07-06
339	Team Stream	Bleacher Report	Free	2013-07-06
339	TuneIn Radio Pro	TuneIn	Paid	2013-07-06
339	The Sims 3 Ambitions	Electronic Arts	Grossing	2013-07-06
340	Yidio	Yidio LLC	Free	2013-07-06
340	JotNot Scanner Pro: scan multipage documents to PDF	MobiTech 3000 LLC	Paid	2013-07-06
340	Haypi Monster	Haypi Co., Ltd.	Grossing	2013-07-06
341	Battle Beach	Ember Entertainment	Free	2013-07-06
341	Chat for Google Talk Pro - with Push Notification	TopRankApps Limited	Paid	2013-07-06
341	SongPop Free	FreshPlanet Inc.	Grossing	2013-07-06
342	Mike Vick: GameTime	KBJ Games	Free	2013-07-06
342	Ski Safari	Defiant Development	Paid	2013-07-06
342	Littlest Pet Shop	Gameloft	Grossing	2013-07-06
343	Dashlane Password Manager & Secure Digital Wallet App for iPhone  - Secure Encryption for Passwords, Passcodes, Credit Cards, Notes, and Personal Data	Dashlane	Free	2013-07-06
343	Quick Scan Pro - QR & Barcode Scanner	iHandy Inc.	Paid	2013-07-06
343	Skylanders Lost Islands™	Activision Publishing, Inc.	Grossing	2013-07-06
344	Racing Penguin, Flying Free - by Top Free Games	Top Free Games	Free	2013-07-06
344	BLOODMASQUE	SQUARE ENIX	Paid	2013-07-06
344	Mickey Mouse Clubhouse Paint & Play	Disney	Grossing	2013-07-06
345	Crackle - Movies & TV	Crackle, Inc.	Free	2013-07-06
345	Day One (Journal / Diary)	Bloom Built, LLC	Paid	2013-07-06
345	Trigger Fist	Lake Effect Applications	Grossing	2013-07-06
346	Downloader &amp; Private Browser Free	Mirmay Limited	Free	2013-07-06
346	MotionX GPS	MotionX™	Paid	2013-07-06
346	Fish with Attitude	Crowdstar Inc	Grossing	2013-07-06
347	Gilt on the Go	Gilt Groupe	Free	2013-07-06
347	Ticket to Ride Pocket	Days Of Wonder, Inc.	Paid	2013-07-06
347	Garmin U.S.A.	Garmin	Grossing	2013-07-06
348	MLB.com Home Run Derby	MLB.com	Free	2013-07-06
348	Kid Tripp	Michael Burns	Paid	2013-07-06
348	Jackpot Slots - Slot Machines	Funzio, Inc	Grossing	2013-07-06
349	Lep's World 2 Plus	nerByte GmbH	Free	2013-07-06
349	J23 - Jordan Release Dates and History	Matt Berg	Paid	2013-07-06
349	Book Of Heroes	Venan Entertainment, Inc.	Grossing	2013-07-06
350	Pinger EX: Text Free + Free Calls	Pinger, Inc.	Free	2013-07-06
350	StarMap 3D+: Stargazing and Astronomy	Sanville Software	Paid	2013-07-06
350	InstaFollow For Instagram - Followers and Unfollowers Tracker for iPhone, iPad and iPod	NoApostroph3s LLC	Grossing	2013-07-06
351	GymPact - Cash reward to motivate gym, home, and RunKeeper workouts	GymPact	Free	2013-07-06
351	AgingBooth	PiVi & Co	Paid	2013-07-06
351	iPhoto	Apple	Grossing	2013-07-06
352	Ringtone Maker - Make free ringtones from your music!	Zentertain Ltd.	Free	2013-07-06
352	Toca Kitchen	Toca Boca AB	Paid	2013-07-06
352	TurboScan: quickly scan multipage documents into high-quality PDFs	Piksoft Inc.	Grossing	2013-07-06
353	MapQuest: Maps, GPS, Voice Navigation & Traffic	AOL Inc.	Free	2013-07-06
353	Videoshop - Video Editor	Joseph Riquelme	Paid	2013-07-06
353	Blastron	Kabam	Grossing	2013-07-06
354	Pro Fonts - Emoji Fonts & Cool Fonts for Whatsapp, Hangouts, Viber	Cubic Crystal	Free	2013-07-06
354	Super Note: Recorder, Notes, Memos	Clear Sky Apps LTD	Paid	2013-07-06
354	Fit Brains Trainer	Vivity Labs	Grossing	2013-07-06
355	Bills & Accounts Manager - documents, travel, money & household organizer - Manilla	Manilla LLC	Free	2013-07-06
355	The Official ACCUPLACER Study App	The College Board	Paid	2013-07-06
355	UNO ™ & Friends – The Classic Card Game Goes Social!	Gameloft	Grossing	2013-07-06
356	Disney Channel Photo Finish	Disney	Free	2013-07-06
356	Mystical Eyeball	SKH Apps	Paid	2013-07-06
356	MLB.com Home Run Derby	MLB.com	Grossing	2013-07-06
357	WebMD – Trusted Information for Your Health and Wellness Questions	WebMD	Free	2013-07-06
357	SpellTower	Zach Gage	Paid	2013-07-06
357	Angry Birds Seasons	Rovio Entertainment Ltd	Grossing	2013-07-06
358	Airport City	Game Insight, LLC	Free	2013-07-06
358	Monsters University	Disney	Paid	2013-07-06
358	Pantheon the Legends	RedAtoms,Inc.	Grossing	2013-07-06
359	Cut Me In - Easy to use Photo Chop Background Adjuster to Superimpose yr images by Applause - not affiliated with Photoshop in any way!	Applause PTY LTD	Free	2013-07-06
359	Adobe Photoshop Touch for phone	Adobe	Paid	2013-07-06
359	Ashley Madison	AVID Dating Life	Grossing	2013-07-06
360	Kicksend: Send & Print Photos	Kicksend	Free	2013-07-06
360	Toca Builders	Toca Boca AB	Paid	2013-07-06
360	Doodle God™	JoyBits Ltd.	Grossing	2013-07-06
361	Color Effects FX HD Free - ReColor And Splash Photo Effect Editor para FB,Skype,MSn	Tao Lin	Free	2013-07-06
361	Jumping Finn Turbo - Adventure Time	Cartoon Network	Paid	2013-07-06
361	Tiny Castle	TinyCo, Inc.	Grossing	2013-07-06
362	Diamond Dash	wooga	Free	2013-07-06
362	Nick Jr Draw & Play	Nickelodeon	Paid	2013-07-06
362	Celtic Tribes	XYRALITY GmbH	Grossing	2013-07-06
363	Wanelo Shopping	Wanelo, Inc.	Free	2013-07-06
363	Relax Melodies Premium: A white noise ambience for sleep, meditation & yoga	iLBSoft	Paid	2013-07-06
363	Bingo Blingo	SGN	Grossing	2013-07-06
364	Mini Warriors	Triniti Interactive Limited	Free	2013-07-06
364	"Free Music Download Pro" - Downloader and Player.	Sergey Sokolov	Paid	2013-07-06
364	Proloquo2Go	AssistiveWare	Grossing	2013-07-06
365	Free Books - Wattpad eBook Reader	Wattpad	Free	2013-07-06
365	DOOM II RPG	id Software	Paid	2013-07-06
365	Kingdom Conquest II	SEGA CORPORATION	Grossing	2013-07-06
366	5-0 Radio Police Scanner Lite (Free)	Smartest Apps LLC	Free	2013-07-06
366	Keynote	Apple	Paid	2013-07-06
366	NASCAR Mobile ‘13	NASCAR Digital Media, LLC	Grossing	2013-07-06
367	Life360 Family Locator	Life360	Free	2013-07-06
367	MahJong	Byterun	Paid	2013-07-06
367	Mermaid World	Crowdstar Inc	Grossing	2013-07-06
368	Mint.com Personal Finance	Mint.com	Free	2013-07-06
368	Craigslist	Lifelike Apps, Inc	Paid	2013-07-06
368	NOAA Radar Pro – Storm Alerts, Hurricane Tracker & Weather Forecast	Tap Nation	Grossing	2013-07-06
369	Hotel Tonight	DealBase Corp	Free	2013-07-06
369	True Skate	True Axis	Paid	2013-07-06
369	Monster Warlord	GAMEVIL Inc.	Grossing	2013-07-06
370	MLB.com At Bat	MLB.com	Free	2013-07-06
370	Hype Machine	The Hype Machine, Inc	Paid	2013-07-06
370	HotSchedules	HotSchedules	Grossing	2013-07-06
371	My Disney Experience - Walt Disney World	Disney	Free	2013-07-06
371	MYSTIC*	Sara Acker	Paid	2013-07-06
371	Kings Empire(Deluxe)	Tap4Fun	Grossing	2013-07-06
372	Hot or Not!	Or Not Limited	Free	2013-07-06
372	Songify	Smule	Paid	2013-07-06
372	Tagged Mobile App	Tagged Inc.	Grossing	2013-07-06
373	XFINITY™ TV Player	Comcast Interactive Media	Free	2013-07-06
373	iHandy Carpenter	iHandy Inc.	Paid	2013-07-06
373	iBlacklist - Block Unwanted Calls	Max Kub	Grossing	2013-07-06
374	TextNow + Voice - Free Texting and Calling	Enflick, Inc.	Free	2013-07-06
374	Our Daily Bread	RBC Ministries	Paid	2013-07-06
374	Scribblenauts Remix	Warner Bros.	Grossing	2013-07-06
375	Free Ringtones - Unlimited Ringtone, Text Tone, Email Alert Downloads and Ringtone Maker	Apalon	Free	2013-07-06
375	Instant Fitness : 600+ exercises, 100+ workouts, home workout trainer, on-the-go personal fitness trainer by Fitness Buddy and Instant Heart Rate	Azumio Inc.	Paid	2013-07-06
375	Draw Something 2™	Zynga Inc.	Grossing	2013-07-06
376	Orbitz Flights, Hotels, Cars	Orbitz	Free	2013-07-06
376	SimCity™ Deluxe	Electronic Arts	Paid	2013-07-06
376	StarMaker: Karaoke + Auto-Tune	StarMaker Sing & Share	Grossing	2013-07-06
377	American Airlines	American Airlines	Free	2013-07-06
377	Pro HDR	eyeApps LLC	Paid	2013-07-06
377	Tiger Woods PGA TOUR® 12	Electronic Arts	Grossing	2013-07-06
378	AutoRap	Smule	Free	2013-07-06
378	Simply Being - Guided Meditation for Relaxation and Presence	Meditation Oasis	Paid	2013-07-06
378	Knightmare Tower	Juicy Beast Studio	Grossing	2013-07-06
379	Dots: A Game About Connecting	Betaworks One	Free	2013-07-06
379	Big Day - Event Countdown	whatisid	Paid	2013-07-06
379	Keynote	Apple	Grossing	2013-07-06
380	WATCH Disney Channel	Disney	Free	2013-07-06
380	Thunderspace	Franz Bruckhoff	Paid	2013-07-06
380	FINAL FANTASY AIRBORNE BRIGADE	Mobage, Inc.	Grossing	2013-07-06
381	Photo Candy - Add Shapes and Patterns to your photos	DNA Apps LLC	Free	2013-07-06
381	Receiptmate - Scan your receipts into Evernote. Add them up.	Brilliant(ish) Software	Paid	2013-07-06
381	All-in Fitness: 1000 Exercises, Workouts, Calorie Counter, BMI-calculator & Social Network	Plus Sports	Grossing	2013-07-06
382	CamWow: Free photo booth effects live on camera!	Jing Chan	Free	2013-07-06
382	Backbreaker 2: Vengeance	NaturalMotion	Paid	2013-07-06
382	What's the Word? - new quiz with pics and word	RedSpell	Grossing	2013-07-06
383	Zoosk - #1 dating app	Zoosk, Inc.	Free	2013-07-06
383	Traktor DJ for iPhone	NATIVE INSTRUMENTS GmbH	Paid	2013-07-06
383	Flutter: Butterfly Sanctuary	Mobage, Inc.	Grossing	2013-07-06
384	Monster Doctor - kids games	George CL	Free	2013-07-06
384	Minecraft Explorer Pro	57Digital Ltd	Paid	2013-07-06
384	Cut the Rope: Time Travel	ZeptoLab UK Limited	Grossing	2013-07-06
385	IKEA Catalog	Inter IKEA Systems B.V.	Free	2013-07-06
385	Camera Plus Pro	Global Delight Technologies Pvt. Ltd	Paid	2013-07-06
385	What's the Phrase	Zynga Inc.	Grossing	2013-07-06
386	InstaGhost - Ghost Follower Analytics for Instagram Lite	Tappple	Free	2013-07-06
386	Golfshot: Golf GPS	Shotzoom Software	Paid	2013-07-06
386	The World of Magic	Com2uS USA, Inc.	Grossing	2013-07-06
387	Alarm Clock HD - Free	Alarm Clock Company	Free	2013-07-06
387	Real Boxing™	Vivid Games	Paid	2013-07-06
387	Dungeon Hunter 4	Gameloft	Grossing	2013-07-06
388	IconMemo	Makoto Setoh	Free	2013-07-06
388	Diet & Food Tracker - SparkPeople	SparkPeople	Paid	2013-07-06
388	Mirrorball Slots Mobile Edition	Plumbee	Grossing	2013-07-06
389	Photo Collage Creator	Big Blue Clip, LLC	Free	2013-07-06
389	iFile	Darkness Production	Paid	2013-07-06
389	THE GAME OF LIFE Classic Edition	Electronic Arts	Grossing	2013-07-06
390	Countdown‼ (with Facebook Event Countdowns)	Sevenlogics, Inc.	Free	2013-07-06
390	Flashlight ®	i4software	Paid	2013-07-06
390	MovieStarPlanet	MovieStarPlanet	Grossing	2013-07-06
391	Bump	Bump Technologies, Inc.	Free	2013-07-06
391	Wedding Dash Deluxe	PlayFirst, Inc.	Paid	2013-07-06
391	Superimpose	Pankaj Goswami	Grossing	2013-07-06
392	Sky Burger	NimbleBit LLC	Free	2013-07-06
392	Tube Downloader Pro - Free Video Download	Appsneon	Paid	2013-07-06
392	GROWLr: Gay Bear Social Network	Initech LLC	Grossing	2013-07-06
393	BillGuard - Track Spending, Save Money	BillGuard, Inc.	Free	2013-07-06
393	ProCam	Samer Azzam	Paid	2013-07-06
393	Facetune	Lightricks Ltd.	Grossing	2013-07-06
394	Zappos Mobile	Zappos IP, Inc.	Free	2013-07-06
394	Dynamojis - Animated Emojis	Apps4Life	Paid	2013-07-06
394	Iron Force	Chillingo Ltd	Grossing	2013-07-06
395	MTV	MTV Networks	Free	2013-07-06
395	Get Running (Couch to 5K)	Benjohn Barnes	Paid	2013-07-06
395	Text Free: Real Phone Number Included with Textfree	Pinger, Inc.	Grossing	2013-07-06
396	Wits & Wagers: Trivia Party	Backflip Studios	Free	2013-07-06
396	Fantastical	Flexibits Inc.	Paid	2013-07-06
396	9 Innings: 2013 Pro Baseball PLUS	Com2uS USA, Inc.	Grossing	2013-07-06
397	Emoticon Art-Text Emoji Pics &Unicode For Facebook,Twitter,Google&Tumblr	Jessie Tao	Free	2013-07-06
397	Onion Browser	Mike Tigas	Paid	2013-07-06
397	Lords & Knights - Medieval Strategy MMO	XYRALITY GmbH	Grossing	2013-07-06
398	Songza	Songza Media, Inc.	Free	2013-07-06
398	InstaFollowers on Instagram - Follow and Unfollow Tracker for My InstaFollow Followers and Unfollowers on iPad and iPhone	Component Studios	Paid	2013-07-06
398	MONOPOLY	Electronic Arts	Grossing	2013-07-06
399	Music Tube - Music video from Youtube	DYSoftware	Free	2013-07-06
399	MADDEN NFL 12 by EA SPORTS™	Electronic Arts	Paid	2013-07-06
399	Monster Quest™	GREE, Inc.	Grossing	2013-07-06
400	Beat the Boss 2	Game Hive Corp.	Free	2013-07-06
400	WeatherBug Elite forecasts, radar & alerts	Earth Networks, Inc.	Paid	2013-07-06
400	Burner - Disposable Phone Numbers	Ad Hoc Labs, Inc	Grossing	2013-07-06
401	Video Star	Frontier Design Group	Free	2013-07-06
401	The Dark Knight Rises ™	Gameloft	Paid	2013-07-06
401	NAVIGON Europe	Garmin Wuerzburg GmbH	Grossing	2013-07-06
402	Rockstar Makeover!	Ninjafish Studios	Free	2013-07-06
402	Cleartune - Chromatic Tuner	Bitcount ltd.	Paid	2013-07-06
402	Black Gate: Inferno	Glu Games Inc.	Grossing	2013-07-06
403	Angry Birds Star Wars Free	Rovio Entertainment Ltd	Free	2013-07-06
403	The Price is Right™ Decades	Ludia	Paid	2013-07-06
403	Gangstar Rio: City of Saints	Gameloft	Grossing	2013-07-06
404	T-Zero Countdown Timer	Dan Wesnor	Free	2013-07-06
404	Dragon Island Blue	NTT Resonant Inc.	Paid	2013-07-06
404	Mail+ for Outlook	iKonic Apps LLC	Grossing	2013-07-06
405	▻Sudoku	Finger Arts	Free	2013-07-06
405	PhotoWizard-Photo Editor	Pankaj Goswami	Paid	2013-07-06
405	Real Steel	Reliance Big Entertainment UK Private Ltd	Grossing	2013-07-06
406	Sleep Pillow Sounds: white noise machine lite	Clear Sky Apps LTD	Free	2013-07-06
406	South Beach Diet ®	Everyday Health, Inc.	Paid	2013-07-06
406	Slots Wheel Deal – free live multiplayer casino slot	Advanced Games Lab Limited	Grossing	2013-07-06
407	Fishing Kings Free+	Gameloft	Free	2013-07-06
407	MFL Mobile 2013	Eggplant Apps LLC	Paid	2013-07-06
407	My Forged Wedding	Voltage inc.	Grossing	2013-07-06
408	InstaMessage	MobileTrends Inc.	Free	2013-07-06
408	Toca Hair Salon	Toca Boca AB	Paid	2013-07-06
408	Couch-to-5K	The Active Network, Inc.	Grossing	2013-07-06
409	Pic Effects Editor - Pictures/Photos Funny Creator for Path,SnapChat,Tumblr,Kik,Vine&Tango Free	De Hui Meng	Free	2013-07-06
409	Monsters, Inc. Run	Disney	Paid	2013-07-06
409	Motor World: Car Factory	Mobage, Inc.	Grossing	2013-07-06
410	Smart Alarm Clock FREE: sleep cycles and phases	Plus Sports	Free	2013-07-06
410	Bookworm	PopCap	Paid	2013-07-06
410	MilliTalk – Free Calling & Texts, International Phone Calls	Millicorp	Grossing	2013-07-06
411	IFTTT	IFTTT	Free	2013-07-06
411	Carnivores: Dinosaur Hunter Pro	Tatem Games	Paid	2013-07-06
411	Valkyrie Crusade	NUBEE PTE. LTD.	Grossing	2013-07-06
412	Any Video for Kik FREE - Send Videos on Kik Messenger	Happy Bits	Free	2013-07-06
412	NFL Quarterback 13	Full Fat	Paid	2013-07-06
412	WhosHere	MyRete	Grossing	2013-07-06
413	Foursquare - Find Restaurants, Bars & Deals	Foursquare Labs, Inc.	Free	2013-07-06
413	City Maps 2Go - Offline Map and Travel Guide	Ulmon GmbH	Paid	2013-07-06
413	Kingdom Rush	Armor Games Inc	Grossing	2013-07-06
414	CheckPoints #1 Rewards App And Free Barcode Scanner	inMarket Media, LLC	Free	2013-07-06
414	Regular Show - Nightmare-athon	Cartoon Network	Paid	2013-07-06
414	Men’s Health Magazine	Rodale, Inc.	Grossing	2013-07-06
415	Flickr	Yahoo!	Free	2013-07-06
415	Lumiè	Nostalgika	Paid	2013-07-06
415	Strava Cycling - GPS Biking and Riding Route Tracker	Strava, Inc.	Grossing	2013-07-06
416	AAA Mobile	AAA	Free	2013-07-06
416	Flightradar24 Pro	Svenska Resenatverket AB	Paid	2013-07-06
416	Doc McStuffins:  Time For Your Check Up!	Disney	Grossing	2013-07-06
417	Jaws™ Revenge	Fuse Powered Inc.	Free	2013-07-06
417	Tangent	Ben Guerrette	Paid	2013-07-06
417	LINE Pokopang	NAVER Japan Corporation	Grossing	2013-07-06
418	Trulia Rentals - Find Homes and Apartments for Rent	Trulia	Free	2013-07-06
418	SpaceEffect PRO - Awesome Pic & Fotos FX Editor	click2mobile	Paid	2013-07-06
418	Bubble Safari™	Zynga Inc.	Grossing	2013-07-06
419	Trigger Fist	Lake Effect Applications	Free	2013-07-06
419	Pokedex Pro Elite	Maria De Lourdes GarcÃ­a Chavez	Paid	2013-07-06
419	神仙道	PinIdea Co., Ltd.	Grossing	2013-07-06
420	Merriam-Webster Dictionary	Merriam-Webster, Inc.	Free	2013-07-06
420	Chuzzle	PopCap	Paid	2013-07-06
420	Zombie Gunship	Limbic Software	Grossing	2013-07-06
421	Talking Ben the Dog	Out Fit 7 Ltd.	Free	2013-07-06
421	Mutant Fridge Mayhem - Gumball	Cartoon Network	Paid	2013-07-06
421	TextNow + Voice - Free Texting and Calling	Enflick, Inc.	Grossing	2013-07-06
422	Home Design Story	TeamLava	Free	2013-07-06
422	Sid Meier's Pirates!	2K Games	Paid	2013-07-06
422	PokéBuilder - Build a Monster Cheat - For Pokémon	Celadon Software Ltd.	Grossing	2013-07-06
423	Photo Reflection	Big Blue Clip, LLC	Free	2013-07-06
423	Wake Alarm	Tiny Hearts Limited	Paid	2013-07-06
423	Skout+ - Meet, Chat, Friend	Skout, Inc.	Grossing	2013-07-06
424	Magisto - Magical Video Editor	SightEra Technologies Ltd	Free	2013-07-06
424	Sonic The Hedgehog	SEGA	Paid	2013-07-06
424	Tap Zoo	Pocket Gems, Inc.	Grossing	2013-07-06
425	Airbnb	Airbnb, Inc.	Free	2013-07-06
425	Tower Defense®	Com2uS USA, Inc.	Paid	2013-07-06
425	Sanford Guide	Antimicrobial Therapy, Inc.	Grossing	2013-07-06
426	Zillow Rentals – Apartments & Homes for Rent	Zillow.com	Free	2013-07-06
426	Granny Smith	Mediocre AB	Paid	2013-07-06
426	Lies Of Astaroth	iFree Studio Limited	Grossing	2013-07-06
427	LIVESTRONG.COM - Calorie Tracker LITE - Your Free Diet and Fitness Calorie Counter for Better Health	Demand Media, Inc.	Free	2013-07-06
427	Virtual Families	Last Day of Work	Paid	2013-07-06
427	Tiny Tower	NimbleBit LLC	Grossing	2013-07-06
428	Mouse Maze Free Game - by Top Free Games	Top Free Games	Free	2013-07-06
428	AirMusic	Plutinosoft	Paid	2013-07-06
428	Bloons TD Battles	Ninja Kiwi	Grossing	2013-07-06
429	Draw Something Free	OMGPOP	Free	2013-07-06
429	Wake N Shake Alarm Clock	Andres Canella	Paid	2013-07-06
429	KingdomConquest	SEGA CORPORATION	Grossing	2013-07-06
430	Discovery Channel	Discovery Communications	Free	2013-07-06
430	1Password - Password Manager and Secure Wallet	AgileBits Inc.	Paid	2013-07-06
430	Online Soccer Manager	Gamebasics BV	Grossing	2013-07-06
431	Cool Wallpapers HD & Retina Free with Facebook & Twitter for iPhone iPod iPad	Kappboom Inc.	Free	2013-07-06
431	Downcast	Jamawkinaw Enterprises	Paid	2013-07-06
431	데빌메이커: 도쿄 for Kakao	palmple	Grossing	2013-07-06
432	OkCupid Dating	OkCupid.com	Free	2013-07-06
432	Fionna Fights - Adventure Time	Cartoon Network	Paid	2013-07-06
432	Magisto - Magical Video Editor	SightEra Technologies Ltd	Grossing	2013-07-06
433	TRANSFORMERS Legends	Mobage, Inc.	Free	2013-07-06
433	Image Blender	Johan Andersson	Paid	2013-07-06
433	Dictionary.com Dictionary & Thesaurus Premium	Dictionary.com, LLC	Grossing	2013-07-06
434	Flashlight ∞	iHandy Inc.	Free	2013-07-06
434	Knots 3D	Nynix	Paid	2013-07-06
434	Mystery Manor: Hidden Adventure	Game Insight, LLC	Grossing	2013-07-06
435	Priceline	priceline.com	Free	2013-07-06
435	Touchgrind BMX	Illusion Labs	Paid	2013-07-06
435	Six-Guns	Gameloft	Grossing	2013-07-06
436	Scottrade Mobile app for iPhone®	Scottrade, Inc.	Free	2013-07-06
436	Week Calendar - Easy and powerful calendar management app for iCal, Google, Outlook, Exchange and more	UtiliTap	Paid	2013-07-06
436	Star Walk™ - 5 Stars Astronomy Guide	Vito Technology Inc.	Grossing	2013-07-06
437	SongPop Free	FreshPlanet Inc.	Free	2013-07-06
437	Runtastic Road Bike PRO GPS Cycling Computer & Tracker	runtastic	Paid	2013-07-06
437	Dragon Bane Elite [Free MMORPG]	com.digitalcloud	Grossing	2013-07-06
438	Disney Super Speedway	Disney	Free	2013-07-06
438	PokéCreator for Pokémon	Khalil SLIMI	Paid	2013-07-06
438	SongPop	FreshPlanet Inc.	Grossing	2013-07-06
439	InstaFollowers on Instagram - Free Follow and Unfollow Tracker for My InstaFollow Followers and Unfollowers on iPad and iPhone	Component Studios	Free	2013-07-06
439	Oldify 2	Apptly LLC	Paid	2013-07-06
439	Baseball Superstars® 2012.	GAMEVIL Inc.	Grossing	2013-07-06
440	Apartment List - Rentals, Apartments & Homes for Rent	Apartment List	Free	2013-07-06
440	Dice With Buddies	Scopely - Top Free Apps and Games LLC	Paid	2013-07-06
440	Rc Plane 2	Frozen Pepper	Grossing	2013-07-06
441	WeatherBug forecasts, radar & alerts	Earth Networks, Inc.	Free	2013-07-06
441	ProCamera	Cocologics	Paid	2013-07-06
441	Xtreme Slots	Meme, Inc	Grossing	2013-07-06
442	Nick	Nickelodeon	Free	2013-07-06
442	WorldCard Mobile - business card reader & business card scanner	Penpower Technology Ltd.	Paid	2013-07-06
442	SlingPlayer for iPhone	Sling Media	Grossing	2013-07-06
443	SymbolGram	LYNETTE PUI GAR FONG CASTELLANOS	Free	2013-07-06
443	Sonic & SEGA All-Stars Racing	SEGA	Paid	2013-07-06
443	Susan Miller’s AstrologyZone Daily Horoscope FREE!	Phunware, Inc	Grossing	2013-07-06
444	Bingo Bash - Free Bingo Casino	BitRhymes Inc.	Free	2013-07-06
444	MyRadar Pro Weather Radar	Aviation Data Systems, Inc	Paid	2013-07-06
444	TETRIS®	Electronic Arts	Grossing	2013-07-06
445	Polyvore - Fashion, Style & Shopping	Polyvore	Free	2013-07-06
445	CameraBag 2	Nevercenter Ltd. Co.	Paid	2013-07-06
445	Calorie Counter PRO by MyNetDiary	MyNetDiary Inc.	Grossing	2013-07-06
446	zulily	zulily	Free	2013-07-06
446	Sago Mini Doodlecast	zinc Roe	Paid	2013-07-06
446	MONOPOLY Hotels	Electronic Arts	Grossing	2013-07-06
447	iGun Pro™ - The Original Gun Application	Crimson Moon Entertainment LLC	Free	2013-07-06
447	Bramble Berry Tales - The Story of Kalkalih	Loud Crow Interactive Inc.	Paid	2013-07-06
447	TapeACall Pro - Record Calls	Epic Enterprises	Grossing	2013-07-06
448	Countdown+ Event Reminders Lite (Calendar and Facebook Event Countdowns with Timer presets)	Apps Beyond	Free	2013-07-06
448	Hi Guess the Food	Man Zhang	Paid	2013-07-06
448	FlightTrack – Live Flight Status Tracker by Mobiata	Ben Kazez	Grossing	2013-07-06
449	Guitar! by Smule	Smule	Free	2013-07-06
449	Insane Tracker	Jason Shehane	Paid	2013-07-06
449	Tiny Thief	Rovio Stars Ltd.	Grossing	2013-07-06
450	Lock Photo+Video Safe Free By My Disk - Incredible Secure Folder Manager App To Password Protect Private Data Vault & Secret Pic.ture Privacy	Mo Wellin	Free	2013-07-06
450	Traffic Rush	Donut Games	Paid	2013-07-06
450	LINE PLAY	NAVER Japan Corporation	Grossing	2013-07-06
451	CamWow Retro: Vintage photo booth effects live on camera!	Jing Chan	Free	2013-07-06
451	Nimble Quest	NimbleBit LLC	Paid	2013-07-06
451	Dark Sky - Weather Radar, Hyperlocal Forecasts, and Storm Alerts	Jackadam	Grossing	2013-07-06
452	Amex Mobile	American Express	Free	2013-07-06
452	Gangstar Rio: City of Saints	Gameloft	Paid	2013-07-06
452	cPRO+ craigslist client with Notifications for iPhone and iPod	Escargot Studios, LLC	Grossing	2013-07-06
453	Amtrak	Amtrak	Free	2013-07-06
453	Sleep Machine	SleepSoft LLC	Paid	2013-07-06
453	iDownloader Pro - Downloads and Download Manager	Apps4Stars	Grossing	2013-07-06
454	Talking Tom Cat	Out Fit 7 Ltd.	Free	2013-07-06
454	Bridge Constructor	Headup Games GmbH & Co KG	Paid	2013-07-06
454	Snoopy’s Street Fair	Beeline Interactive Europe Ltd	Grossing	2013-07-06
455	Myspace	MySpace.com	Free	2013-07-06
455	Machine World	Trino AB	Paid	2013-07-06
455	Ridiculous Fishing - A Tale of Redemption	Vlambeer	Grossing	2013-07-06
456	Skins for Minecraft: Creeper Edition	David Garcia	Free	2013-07-06
456	Sky Gamblers: Cold War	Atypical Games	Paid	2013-07-06
456	Map My Ride+ - GPS Cycling, Riding, Workout Tracking and Calorie Counter	MapMyFitness	Grossing	2013-07-06
457	Quick Scan - Barcode Scanner & Best Shopping Companion	iHandy Inc.	Free	2013-07-06
457	Group Text!	Andrea Vettori	Paid	2013-07-06
457	Battle Bears Gold	SkyVu Pictures	Grossing	2013-07-06
458	Dessert Maker	Sunstorm Interactive	Free	2013-07-06
458	1 Second Everyday	Cesar Kuriyama	Paid	2013-07-06
458	Bubble Island	wooga	Grossing	2013-07-06
459	Minutely	Ourcast, Inc.	Free	2013-07-06
459	Man of Steel	Warner Bros.	Paid	2013-07-06
459	Scanner Pro by Readdle	Readdle	Grossing	2013-07-06
460	TagsForLikes - Copy and Paste Tags for Instagram - Hashtags Helper	Zaheer Mohiuddin	Free	2013-07-06
460	TapeACall Pro - Record Calls	Epic Enterprises	Paid	2013-07-06
460	Emoji>	Emoji+	Grossing	2013-07-06
461	Photo Effects Creator Free - Picture Cool Editor for Pinterest,Facebook,Skype,Yahoo Messenger&Omegle Free	zhai bin	Free	2013-07-06
461	The Moron Test	DistinctDev, Inc.	Paid	2013-07-06
461	Hipstamatic	Hipstamatic, LLC	Grossing	2013-07-06
462	MeetMe - Meet New People	myYearbook.com	Free	2013-07-06
462	Diner Dash Deluxe	PlayFirst, Inc.	Paid	2013-07-06
462	Dictionary.com Dictionary & Thesaurus	Dictionary.com, LLC	Grossing	2013-07-06
463	Pic-Frame, Photo Collage & Picture Editor for Instagram	Photo & Video Eidtor Studio	Free	2013-07-06
463	Box of Enigmas	Gadgetcrafts	Paid	2013-07-06
463	Flow Free: Bridges	Big Duck Games LLC	Grossing	2013-07-06
464	PopStar! - free addictive pocket puzzle action game	zhai bin	Free	2013-07-06
464	Emoji Characters and Smileys!	Component Studios	Paid	2013-07-06
464	Infinity Blade	Chair Entertainment Group, LLC	Grossing	2013-07-06
465	WatchESPN	ESPN	Free	2013-07-06
465	Justin.tv	Justin.tv	Paid	2013-07-06
465	Diner Dash	PlayFirst, Inc.	Grossing	2013-07-06
466	Relax Melodies: A white noise ambience for sleep, meditation & yoga	iLBSoft	Free	2013-07-06
466	Amazing Alex	Rovio Entertainment Ltd	Paid	2013-07-06
466	Turbo Racing League	PikPok	Grossing	2013-07-06
467	ElementFX - Pimp Your Photos With Colorful And Bokehful Effects	Consonance Group	Free	2013-07-06
467	X-Men	Konami Digital Entertainment	Paid	2013-07-06
467	Adobe Photoshop Express	Adobe	Grossing	2013-07-06
468	Where's My Water? Free	Disney	Free	2013-07-06
468	Merriam-Webster Dictionary & Thesaurus	Merriam-Webster, Inc.	Paid	2013-07-06
468	Best Casino Slots	diwip ltd	Grossing	2013-07-06
469	Crime City	Funzio, Inc	Free	2013-07-06
469	CCW – Concealed Carry 50 State Guide	Workman Consulting	Paid	2013-07-06
469	Shall we date?: Destiny Ninja	NTT Solmare	Grossing	2013-07-06
470	Circle - The Local Network	Hawthorne Labs	Free	2013-07-06
470	Wake Up With Disney	Disney	Paid	2013-07-06
470	Free and Cheap International Calls by KeKu	Keku, LLC	Grossing	2013-07-06
471	Shutterfly for iPhone	Shutterfly	Free	2013-07-06
471	Lightning Fighter 2	Uwan Studio	Paid	2013-07-06
471	Party in My Dorm	A Thinking Ape, Inc.	Grossing	2013-07-06
472	Road Warrior Racing Multiplayer - by Top Free Apps and Games	Top Free Apps and Games	Free	2013-07-06
472	Big Button Box Pro	Shaved Labs Ltd	Paid	2013-07-06
472	Farming Simulator 2012	Mehr Apps von astragon Software GmbH	Grossing	2013-07-06
473	TwitchTV	Justin.tv	Free	2013-07-06
473	Someecards	Someecards, Inc.	Paid	2013-07-06
473	Mirrors of Albion HD	Game Insight, LLC	Grossing	2013-07-06
474	Fashion Makeup Salon - Girls games	George CL	Free	2013-07-06
474	InstaFisheye - LOMO Fisheye Lens for Instagram	Lotogram	Paid	2013-07-06
474	Spellstorm	TinyCo, Inc.	Grossing	2013-07-06
475	Photo Editor - Fotolr	Tiny Piece Co., Ltd	Free	2013-07-06
475	Spyglass	Pavel Ahafonau	Paid	2013-07-06
475	The Price is Right™ Slots	Ludia	Grossing	2013-07-06
476	Angry Robot: Wall Street Titan	DarkTonic Games	Free	2013-07-06
476	Baby Connect (Activity Logger)	Seacloud Software	Paid	2013-07-06
476	RAGNAROK VALKYRIE [ENGLISH]	NEOCYON, INC	Grossing	2013-07-06
477	Ruzzle	MAG Interactive	Free	2013-07-06
477	Call of Mini™ DinoHunter	Triniti Interactive Limited	Paid	2013-07-06
477	Cooking Dash	PlayFirst, Inc.	Grossing	2013-07-06
478	shopkick	shopkick	Free	2013-07-06
478	Best Baby Monitor	Martin Man	Paid	2013-07-06
478	Printer Pro for iPhone - wirelessly print documents, photos, web pages and emails	Readdle	Grossing	2013-07-06
479	GoPro App	Woodman Labs, Inc.	Free	2013-07-06
479	Portrait Painter	JixiPix Software	Paid	2013-07-06
479	XCOM®: Enemy Unknown	2K Games	Grossing	2013-07-06
480	Call of Mini™ Zombies	Triniti Interactive Limited	Free	2013-07-06
480	Spirit Fire: Automated Personal Transformation System	COVENANT WORX, LLC	Paid	2013-07-06
480	Mike Vick: GameTime	KBJ Games	Grossing	2013-07-06
481	Glide - Video Texting	Glide	Free	2013-07-06
481	Gizoogle App	Lee Parnham	Paid	2013-07-06
481	Racing Penguin, Flying Free - by Top Free Games	Top Free Games	Grossing	2013-07-06
482	Escape If You Can	Kaarel Kirsipuu	Free	2013-07-06
482	Talking Larry the Bird	Out Fit 7 Ltd.	Paid	2013-07-06
482	Slots Discovery	GameDream	Grossing	2013-07-06
483	Lowe's	Lowe's Companies, Inc.	Free	2013-07-06
483	InstaWeather Pro	byss mobile	Paid	2013-07-06
483	Global Threat Deluxe	Tap4Fun	Grossing	2013-07-06
484	Spooky Makeover	Ninjafish Studios	Free	2013-07-06
484	Slender Rising	Michael Hegemann	Paid	2013-07-06
484	Angry Birds Space	Rovio Entertainment Ltd	Grossing	2013-07-06
485	Remote	Apple	Free	2013-07-06
485	Sleep Talk Recorder	MadInSweden	Paid	2013-07-06
485	Ninja Fishing	Gamenauts	Grossing	2013-07-06
486	Forever 21	Forever 21, Inc.	Free	2013-07-06
486	Seconds Pro - Interval Timer	Runloop Ltd	Paid	2013-07-06
486	Slots by Zynga	Zynga Inc.	Grossing	2013-07-06
487	Runtastic Pedometer Step Counter & Tracker	runtastic	Free	2013-07-06
487	Bag It!	Hidden Variable Studios	Paid	2013-07-06
487	PhotoToaster - Photo Editor, Filters and Effects for Instagram, Facebook and more	East Coast Pixels, Inc.	Grossing	2013-07-06
488	Modern War	Funzio, Inc	Free	2013-07-06
488	Gun Builder	Win Sheng Loh	Paid	2013-07-06
488	Pacific Rim	Reliance Big Entertainment UK Private Ltd	Grossing	2013-07-06
489	Square Register	Square, Inc.	Free	2013-07-06
489	Guitar Hero	Activision Publishing, Inc.	Paid	2013-07-06
489	My Horse	NaturalMotion	Grossing	2013-07-06
490	Texas Holdem Poker	GeaxGame Inc	Free	2013-07-06
490	iTrans NYC Subway	iTrans	Paid	2013-07-06
490	SnappyCam Pro - Fast Camera for Amazing High Speed Burst Action Living Photos	jpap	Grossing	2013-07-06
491	IDEAZ - Keep your ideas in one place	Sigalit Amsalem	Free	2013-07-06
491	Super Stickman Golf 2	Noodlecake Studios Inc	Paid	2013-07-06
491	TripIt - Travel Organizer - FREE	TripIt	Grossing	2013-07-06
492	Urbanspoon	Urbanspoon	Free	2013-07-06
492	Sworkit Pro	Ryan Hanna	Paid	2013-07-06
492	Nemo's Reef	Disney	Grossing	2013-07-06
493	edjing - DJ mixer console studio - Play Mix Record & Share your sound!	DJiT	Free	2013-07-06
493	Contacts Sync For Google Gmail	Playa Apps	Paid	2013-07-06
493	Blendr	Blendr LLC --	Grossing	2013-07-06
494	Credit Karma Mobile - Free Credit Score & Credit Monitoring	Credit Karma, Inc.	Free	2013-07-06
494	FratMusic	Broftware	Paid	2013-07-06
494	The Oregon Trail: American Settler	Gameloft	Grossing	2013-07-06
495	Hungry Shark Night	Future Games of London	Free	2013-07-06
495	Furniture For Minecraft	T-Logic	Paid	2013-07-06
495	Wheel of Fortune	Sony Pictures Television	Grossing	2013-07-06
496	Crop&collage papelook	papelook	Free	2013-07-06
496	9 Innings: 2013 Pro Baseball PLUS	Com2uS USA, Inc.	Paid	2013-07-06
496	The New Yorker Magazine	Condé Nast Digital	Grossing	2013-07-06
497	Slacker Radio	Slacker, Inc.	Free	2013-07-06
497	iRecorder - One Touch Video Recorder	HyunSook Kim	Paid	2013-07-06
497	Pinger EX: Text Free + Free Calls	Pinger, Inc.	Grossing	2013-07-06
498	B-Line	Riser Apps, LLC	Free	2013-07-06
498	MyTube for YouTube	Tap Nation	Paid	2013-07-06
498	MetalStorm: Online	Z2Live, Inc	Grossing	2013-07-06
499	Draw Something 2™ Free	Zynga Inc.	Free	2013-07-06
499	Math Bingo	ABCya.com	Paid	2013-07-06
499	Bejeweled	PopCap	Grossing	2013-07-06
500	Egg Baby	Nix Hydra Games	Free	2013-07-06
500	Catan	USM	Paid	2013-07-06
500	Live Esoteric Chat, Oranum	Oranum	Grossing	2013-07-06
